ANDROID_DIFFERENTIAL_COMPARISONS=1023
java.lang.NoClassDefFoundError: Failed resolution of: Ljava/time/LocalDateTime;
	at org.assertj.core.presentation.StandardRepresentation.<clinit>(StandardRepresentation.java:113)
	at org.assertj.core.configuration.ConfigurationProvider.<init>(ConfigurationProvider.java:37)
	at org.assertj.core.configuration.ConfigurationProvider.<clinit>(ConfigurationProvider.java:32)
	at org.assertj.core.api.WritableAssertionInfo.<init>(WritableAssertionInfo.java:47)
	at org.assertj.core.api.AbstractAssert.<init>(AbstractAssert.java:104)
	at org.assertj.core.api.AbstractBooleanAssert.<init>(AbstractBooleanAssert.java:43)
	at org.assertj.core.api.BooleanAssert.<init>(BooleanAssert.java:33)
	at org.assertj.core.api.AssertionsForClassTypes.assertThat(AssertionsForClassTypes.java:171)
	at org.assertj.core.api.Assertions.assertThat(Assertions.java:326)
	at com.facebook.react.devsupport.AndroidNativeReaderTest$testSimpleCase$callback$1.onChunkComplete(AndroidNativeReaderTest.kt:46)
	at com.facebook.react.devsupport.AndroidNativeReader.emitChunk(AndroidNativeReader.kt:180)
	at com.facebook.react.devsupport.AndroidNativeReader.readAllParts(AndroidNativeReader.kt:110)
	at com.facebook.react.devsupport.AndroidNativeReaderTest.testSimpleCase(AndroidNativeReaderTest.kt:52)
	at java.lang.reflect.Method.invoke(Native Method)
	at org.junit.runners.model.FrameworkMethod$1.runReflectiveCall(FrameworkMethod.java:59)
	at org.junit.internal.runners.model.ReflectiveCallable.run(ReflectiveCallable.java:12)
	at org.junit.runners.model.FrameworkMethod.invokeExplosively(FrameworkMethod.java:56)
	at org.junit.internal.runners.statements.InvokeMethod.evaluate(InvokeMethod.java:17)
	at org.junit.runners.ParentRunner$3.evaluate(ParentRunner.java:306)
	at org.junit.runners.BlockJUnit4ClassRunner$1.evaluate(BlockJUnit4ClassRunner.java:100)
	at org.junit.runners.ParentRunner.runLeaf(ParentRunner.java:366)
	at org.junit.runners.BlockJUnit4ClassRunner.runChild(BlockJUnit4ClassRunner.java:103)
	at org.junit.runners.BlockJUnit4ClassRunner.runChild(BlockJUnit4ClassRunner.java:63)
	at org.junit.runners.ParentRunner$4.run(ParentRunner.java:331)
	at org.junit.runners.ParentRunner$1.schedule(ParentRunner.java:79)
	at org.junit.runners.ParentRunner.runChildren(ParentRunner.java:329)
	at org.junit.runners.ParentRunner.access$100(ParentRunner.java:66)
	at org.junit.runners.ParentRunner$2.evaluate(ParentRunner.java:293)
	at org.junit.runners.ParentRunner$3.evaluate(ParentRunner.java:306)
	at org.junit.runners.ParentRunner.run(ParentRunner.java:413)
	at org.junit.runners.Suite.runChild(Suite.java:128)
	at org.junit.runners.Suite.runChild(Suite.java:27)
	at org.junit.runners.ParentRunner$4.run(ParentRunner.java:331)
	at org.junit.runners.ParentRunner$1.schedule(ParentRunner.java:79)
	at org.junit.runners.ParentRunner.runChildren(ParentRunner.java:329)
	at org.junit.runners.ParentRunner.access$100(ParentRunner.java:66)
	at org.junit.runners.ParentRunner$2.evaluate(ParentRunner.java:293)
	at org.junit.runners.ParentRunner$3.evaluate(ParentRunner.java:306)
	at org.junit.runners.ParentRunner.run(ParentRunner.java:413)
	at org.junit.runner.JUnitCore.run(JUnitCore.java:137)
	at org.junit.runner.JUnitCore.run(JUnitCore.java:115)
	at org.junit.runner.JUnitCore.run(JUnitCore.java:105)
	at org.junit.runner.JUnitCore.runClasses(JUnitCore.java:62)
	at org.junit.runner.JUnitCore.runClasses(JUnitCore.java:49)
	at com.facebook.react.devsupport.AndroidArtMain.main(AndroidArtMain.java:18)
	at com.android.internal.os.RuntimeInit.nativeFinishInit(Native Method)
	at com.android.internal.os.RuntimeInit.main(RuntimeInit.java:262)
Caused by: java.lang.ClassNotFoundException: Didn't find class "java.time.LocalDateTime" on path: DexPathList[[dex file "/data/local/tmp/rn-multipart-comparison-fec597b/classes.dex"],nativeLibraryDirectories=[/system/lib64, /vendor/lib64, /system/lib64, /vendor/lib64]]
	at dalvik.system.BaseDexClassLoader.findClass(BaseDexClassLoader.java:56)
	at java.lang.ClassLoader.loadClass(ClassLoader.java:380)
	at java.lang.ClassLoader.loadClass(ClassLoader.java:312)
	... 47 more

java.lang.NoClassDefFoundError: org.assertj.core.configuration.ConfigurationProvider
	at org.assertj.core.api.WritableAssertionInfo.<init>(WritableAssertionInfo.java:47)
	at org.assertj.core.api.AbstractAssert.<init>(AbstractAssert.java:104)
	at org.assertj.core.api.AbstractBooleanAssert.<init>(AbstractBooleanAssert.java:43)
	at org.assertj.core.api.BooleanAssert.<init>(BooleanAssert.java:33)
	at org.assertj.core.api.AssertionsForClassTypes.assertThat(AssertionsForClassTypes.java:171)
	at org.assertj.core.api.Assertions.assertThat(Assertions.java:326)
	at com.facebook.react.devsupport.AndroidNativeReaderTest.testListenerDoesNotNeedToFullyReadBody(AndroidNativeReaderTest.kt:177)
	at java.lang.reflect.Method.invoke(Native Method)
	at org.junit.runners.model.FrameworkMethod$1.runReflectiveCall(FrameworkMethod.java:59)
	at org.junit.internal.runners.model.ReflectiveCallable.run(ReflectiveCallable.java:12)
	at org.junit.runners.model.FrameworkMethod.invokeExplosively(FrameworkMethod.java:56)
	at org.junit.internal.runners.statements.InvokeMethod.evaluate(InvokeMethod.java:17)
	at org.junit.runners.ParentRunner$3.evaluate(ParentRunner.java:306)
	at org.junit.runners.BlockJUnit4ClassRunner$1.evaluate(BlockJUnit4ClassRunner.java:100)
	at org.junit.runners.ParentRunner.runLeaf(ParentRunner.java:366)
	at org.junit.runners.BlockJUnit4ClassRunner.runChild(BlockJUnit4ClassRunner.java:103)
	at org.junit.runners.BlockJUnit4ClassRunner.runChild(BlockJUnit4ClassRunner.java:63)
	at org.junit.runners.ParentRunner$4.run(ParentRunner.java:331)
	at org.junit.runners.ParentRunner$1.schedule(ParentRunner.java:79)
	at org.junit.runners.ParentRunner.runChildren(ParentRunner.java:329)
	at org.junit.runners.ParentRunner.access$100(ParentRunner.java:66)
	at org.junit.runners.ParentRunner$2.evaluate(ParentRunner.java:293)
	at org.junit.runners.ParentRunner$3.evaluate(ParentRunner.java:306)
	at org.junit.runners.ParentRunner.run(ParentRunner.java:413)
	at org.junit.runners.Suite.runChild(Suite.java:128)
	at org.junit.runners.Suite.runChild(Suite.java:27)
	at org.junit.runners.ParentRunner$4.run(ParentRunner.java:331)
	at org.junit.runners.ParentRunner$1.schedule(ParentRunner.java:79)
	at org.junit.runners.ParentRunner.runChildren(ParentRunner.java:329)
	at org.junit.runners.ParentRunner.access$100(ParentRunner.java:66)
	at org.junit.runners.ParentRunner$2.evaluate(ParentRunner.java:293)
	at org.junit.runners.ParentRunner$3.evaluate(ParentRunner.java:306)
	at org.junit.runners.ParentRunner.run(ParentRunner.java:413)
	at org.junit.runner.JUnitCore.run(JUnitCore.java:137)
	at org.junit.runner.JUnitCore.run(JUnitCore.java:115)
	at org.junit.runner.JUnitCore.run(JUnitCore.java:105)
	at org.junit.runner.JUnitCore.runClasses(JUnitCore.java:62)
	at org.junit.runner.JUnitCore.runClasses(JUnitCore.java:49)
	at com.facebook.react.devsupport.AndroidArtMain.main(AndroidArtMain.java:18)
	at com.android.internal.os.RuntimeInit.nativeFinishInit(Native Method)
	at com.android.internal.os.RuntimeInit.main(RuntimeInit.java:262)
Caused by: java.lang.NoClassDefFoundError: Failed resolution of: Ljava/time/LocalDateTime;
	at org.assertj.core.presentation.StandardRepresentation.<clinit>(StandardRepresentation.java:113)
	at org.assertj.core.configuration.ConfigurationProvider.<init>(ConfigurationProvider.java:37)
	at org.assertj.core.configuration.ConfigurationProvider.<clinit>(ConfigurationProvider.java:32)
	at org.assertj.core.api.WritableAssertionInfo.<init>(WritableAssertionInfo.java:47)
	at org.assertj.core.api.AbstractAssert.<init>(AbstractAssert.java:104)
	at org.assertj.core.api.AbstractBooleanAssert.<init>(AbstractBooleanAssert.java:43)
	at org.assertj.core.api.BooleanAssert.<init>(BooleanAssert.java:33)
	at org.assertj.core.api.AssertionsForClassTypes.assertThat(AssertionsForClassTypes.java:171)
	at org.assertj.core.api.Assertions.assertThat(Assertions.java:326)
	at com.facebook.react.devsupport.AndroidNativeReaderTest$testSimpleCase$callback$1.onChunkComplete(AndroidNativeReaderTest.kt:46)
	at com.facebook.react.devsupport.AndroidNativeReader.emitChunk(AndroidNativeReader.kt:180)
	at com.facebook.react.devsupport.AndroidNativeReader.readAllParts(AndroidNativeReader.kt:110)
	at com.facebook.react.devsupport.AndroidNativeReaderTest.testSimpleCase(AndroidNativeReaderTest.kt:52)
	... 34 more
Caused by: java.lang.ClassNotFoundException: Didn't find class "java.time.LocalDateTime" on path: DexPathList[[dex file "/data/local/tmp/rn-multipart-comparison-fec597b/classes.dex"],nativeLibraryDirectories=[/system/lib64, /vendor/lib64, /system/lib64, /vendor/lib64]]
	at dalvik.system.BaseDexClassLoader.findClass(BaseDexClassLoader.java:56)
	at java.lang.ClassLoader.loadClass(ClassLoader.java:380)
	at java.lang.ClassLoader.loadClass(ClassLoader.java:312)
	... 47 more

java.lang.NoClassDefFoundError: org.assertj.core.configuration.ConfigurationProvider
	at org.assertj.core.api.WritableAssertionInfo.<init>(WritableAssertionInfo.java:47)
	at org.assertj.core.api.AbstractAssert.<init>(AbstractAssert.java:104)
	at org.assertj.core.api.AbstractBooleanAssert.<init>(AbstractBooleanAssert.java:43)
	at org.assertj.core.api.BooleanAssert.<init>(BooleanAssert.java:33)
	at org.assertj.core.api.AssertionsForClassTypes.assertThat(AssertionsForClassTypes.java:171)
	at org.assertj.core.api.Assertions.assertThat(Assertions.java:326)
	at com.facebook.react.devsupport.AndroidNativeReaderTest.testFinalProgressForFragmentedBody(AndroidNativeReaderTest.kt:299)
	at java.lang.reflect.Method.invoke(Native Method)
	at org.junit.runners.model.FrameworkMethod$1.runReflectiveCall(FrameworkMethod.java:59)
	at org.junit.internal.runners.model.ReflectiveCallable.run(ReflectiveCallable.java:12)
	at org.junit.runners.model.FrameworkMethod.invokeExplosively(FrameworkMethod.java:56)
	at org.junit.internal.runners.statements.InvokeMethod.evaluate(InvokeMethod.java:17)
	at org.junit.runners.ParentRunner$3.evaluate(ParentRunner.java:306)
	at org.junit.runners.BlockJUnit4ClassRunner$1.evaluate(BlockJUnit4ClassRunner.java:100)
	at org.junit.runners.ParentRunner.runLeaf(ParentRunner.java:366)
	at org.junit.runners.BlockJUnit4ClassRunner.runChild(BlockJUnit4ClassRunner.java:103)
	at org.junit.runners.BlockJUnit4ClassRunner.runChild(BlockJUnit4ClassRunner.java:63)
	at org.junit.runners.ParentRunner$4.run(ParentRunner.java:331)
	at org.junit.runners.ParentRunner$1.schedule(ParentRunner.java:79)
	at org.junit.runners.ParentRunner.runChildren(ParentRunner.java:329)
	at org.junit.runners.ParentRunner.access$100(ParentRunner.java:66)
	at org.junit.runners.ParentRunner$2.evaluate(ParentRunner.java:293)
	at org.junit.runners.ParentRunner$3.evaluate(ParentRunner.java:306)
	at org.junit.runners.ParentRunner.run(ParentRunner.java:413)
	at org.junit.runners.Suite.runChild(Suite.java:128)
	at org.junit.runners.Suite.runChild(Suite.java:27)
	at org.junit.runners.ParentRunner$4.run(ParentRunner.java:331)
	at org.junit.runners.ParentRunner$1.schedule(ParentRunner.java:79)
	at org.junit.runners.ParentRunner.runChildren(ParentRunner.java:329)
	at org.junit.runners.ParentRunner.access$100(ParentRunner.java:66)
	at org.junit.runners.ParentRunner$2.evaluate(ParentRunner.java:293)
	at org.junit.runners.ParentRunner$3.evaluate(ParentRunner.java:306)
	at org.junit.runners.ParentRunner.run(ParentRunner.java:413)
	at org.junit.runner.JUnitCore.run(JUnitCore.java:137)
	at org.junit.runner.JUnitCore.run(JUnitCore.java:115)
	at org.junit.runner.JUnitCore.run(JUnitCore.java:105)
	at org.junit.runner.JUnitCore.runClasses(JUnitCore.java:62)
	at org.junit.runner.JUnitCore.runClasses(JUnitCore.java:49)
	at com.facebook.react.devsupport.AndroidArtMain.main(AndroidArtMain.java:18)
	at com.android.internal.os.RuntimeInit.nativeFinishInit(Native Method)
	at com.android.internal.os.RuntimeInit.main(RuntimeInit.java:262)
Caused by: java.lang.NoClassDefFoundError: Failed resolution of: Ljava/time/LocalDateTime;
	at org.assertj.core.presentation.StandardRepresentation.<clinit>(StandardRepresentation.java:113)
	at org.assertj.core.configuration.ConfigurationProvider.<init>(ConfigurationProvider.java:37)
	at org.assertj.core.configuration.ConfigurationProvider.<clinit>(ConfigurationProvider.java:32)
	at org.assertj.core.api.WritableAssertionInfo.<init>(WritableAssertionInfo.java:47)
	at org.assertj.core.api.AbstractAssert.<init>(AbstractAssert.java:104)
	at org.assertj.core.api.AbstractBooleanAssert.<init>(AbstractBooleanAssert.java:43)
	at org.assertj.core.api.BooleanAssert.<init>(BooleanAssert.java:33)
	at org.assertj.core.api.AssertionsForClassTypes.assertThat(AssertionsForClassTypes.java:171)
	at org.assertj.core.api.Assertions.assertThat(Assertions.java:326)
	at com.facebook.react.devsupport.AndroidNativeReaderTest$testSimpleCase$callback$1.onChunkComplete(AndroidNativeReaderTest.kt:46)
	at com.facebook.react.devsupport.AndroidNativeReader.emitChunk(AndroidNativeReader.kt:180)
	at com.facebook.react.devsupport.AndroidNativeReader.readAllParts(AndroidNativeReader.kt:110)
	at com.facebook.react.devsupport.AndroidNativeReaderTest.testSimpleCase(AndroidNativeReaderTest.kt:52)
	... 34 more
Caused by: java.lang.ClassNotFoundException: Didn't find class "java.time.LocalDateTime" on path: DexPathList[[dex file "/data/local/tmp/rn-multipart-comparison-fec597b/classes.dex"],nativeLibraryDirectories=[/system/lib64, /vendor/lib64, /system/lib64, /vendor/lib64]]
	at dalvik.system.BaseDexClassLoader.findClass(BaseDexClassLoader.java:56)
	at java.lang.ClassLoader.loadClass(ClassLoader.java:380)
	at java.lang.ClassLoader.loadClass(ClassLoader.java:312)
	... 47 more

java.lang.NoClassDefFoundError: org.assertj.core.configuration.ConfigurationProvider
	at org.assertj.core.api.WritableAssertionInfo.<init>(WritableAssertionInfo.java:47)
	at org.assertj.core.api.AbstractAssert.<init>(AbstractAssert.java:104)
	at org.assertj.core.api.AbstractObjectAssert.<init>(AbstractObjectAssert.java:61)
	at org.assertj.core.api.AbstractComparableAssert.<init>(AbstractComparableAssert.java:40)
	at org.assertj.core.api.AbstractIntegerAssert.<init>(AbstractIntegerAssert.java:48)
	at org.assertj.core.api.IntegerAssert.<init>(IntegerAssert.java:35)
	at org.assertj.core.api.AssertionsForClassTypes.assertThat(AssertionsForClassTypes.java:406)
	at org.assertj.core.api.Assertions.assertThat(Assertions.java:563)
	at com.facebook.react.devsupport.AndroidNativeReaderTest.testNoDelimiter(AndroidNativeReaderTest.kt:108)
	at java.lang.reflect.Method.invoke(Native Method)
	at org.junit.runners.model.FrameworkMethod$1.runReflectiveCall(FrameworkMethod.java:59)
	at org.junit.internal.runners.model.ReflectiveCallable.run(ReflectiveCallable.java:12)
	at org.junit.runners.model.FrameworkMethod.invokeExplosively(FrameworkMethod.java:56)
	at org.junit.internal.runners.statements.InvokeMethod.evaluate(InvokeMethod.java:17)
	at org.junit.runners.ParentRunner$3.evaluate(ParentRunner.java:306)
	at org.junit.runners.BlockJUnit4ClassRunner$1.evaluate(BlockJUnit4ClassRunner.java:100)
	at org.junit.runners.ParentRunner.runLeaf(ParentRunner.java:366)
	at org.junit.runners.BlockJUnit4ClassRunner.runChild(BlockJUnit4ClassRunner.java:103)
	at org.junit.runners.BlockJUnit4ClassRunner.runChild(BlockJUnit4ClassRunner.java:63)
	at org.junit.runners.ParentRunner$4.run(ParentRunner.java:331)
	at org.junit.runners.ParentRunner$1.schedule(ParentRunner.java:79)
	at org.junit.runners.ParentRunner.runChildren(ParentRunner.java:329)
	at org.junit.runners.ParentRunner.access$100(ParentRunner.java:66)
	at org.junit.runners.ParentRunner$2.evaluate(ParentRunner.java:293)
	at org.junit.runners.ParentRunner$3.evaluate(ParentRunner.java:306)
	at org.junit.runners.ParentRunner.run(ParentRunner.java:413)
	at org.junit.runners.Suite.runChild(Suite.java:128)
	at org.junit.runners.Suite.runChild(Suite.java:27)
	at org.junit.runners.ParentRunner$4.run(ParentRunner.java:331)
	at org.junit.runners.ParentRunner$1.schedule(ParentRunner.java:79)
	at org.junit.runners.ParentRunner.runChildren(ParentRunner.java:329)
	at org.junit.runners.ParentRunner.access$100(ParentRunner.java:66)
	at org.junit.runners.ParentRunner$2.evaluate(ParentRunner.java:293)
	at org.junit.runners.ParentRunner$3.evaluate(ParentRunner.java:306)
	at org.junit.runners.ParentRunner.run(ParentRunner.java:413)
	at org.junit.runner.JUnitCore.run(JUnitCore.java:137)
	at org.junit.runner.JUnitCore.run(JUnitCore.java:115)
	at org.junit.runner.JUnitCore.run(JUnitCore.java:105)
	at org.junit.runner.JUnitCore.runClasses(JUnitCore.java:62)
	at org.junit.runner.JUnitCore.runClasses(JUnitCore.java:49)
	at com.facebook.react.devsupport.AndroidArtMain.main(AndroidArtMain.java:18)
	at com.android.internal.os.RuntimeInit.nativeFinishInit(Native Method)
	at com.android.internal.os.RuntimeInit.main(RuntimeInit.java:262)
Caused by: java.lang.NoClassDefFoundError: Failed resolution of: Ljava/time/LocalDateTime;
	at org.assertj.core.presentation.StandardRepresentation.<clinit>(StandardRepresentation.java:113)
	at org.assertj.core.configuration.ConfigurationProvider.<init>(ConfigurationProvider.java:37)
	at org.assertj.core.configuration.ConfigurationProvider.<clinit>(ConfigurationProvider.java:32)
	at org.assertj.core.api.WritableAssertionInfo.<init>(WritableAssertionInfo.java:47)
	at org.assertj.core.api.AbstractAssert.<init>(AbstractAssert.java:104)
	at org.assertj.core.api.AbstractBooleanAssert.<init>(AbstractBooleanAssert.java:43)
	at org.assertj.core.api.BooleanAssert.<init>(BooleanAssert.java:33)
	at org.assertj.core.api.AssertionsForClassTypes.assertThat(AssertionsForClassTypes.java:171)
	at org.assertj.core.api.Assertions.assertThat(Assertions.java:326)
	at com.facebook.react.devsupport.AndroidNativeReaderTest$testSimpleCase$callback$1.onChunkComplete(AndroidNativeReaderTest.kt:46)
	at com.facebook.react.devsupport.AndroidNativeReader.emitChunk(AndroidNativeReader.kt:180)
	at com.facebook.react.devsupport.AndroidNativeReader.readAllParts(AndroidNativeReader.kt:110)
	at com.facebook.react.devsupport.AndroidNativeReaderTest.testSimpleCase(AndroidNativeReaderTest.kt:52)
	... 34 more
Caused by: java.lang.ClassNotFoundException: Didn't find class "java.time.LocalDateTime" on path: DexPathList[[dex file "/data/local/tmp/rn-multipart-comparison-fec597b/classes.dex"],nativeLibraryDirectories=[/system/lib64, /vendor/lib64, /system/lib64, /vendor/lib64]]
	at dalvik.system.BaseDexClassLoader.findClass(BaseDexClassLoader.java:56)
	at java.lang.ClassLoader.loadClass(ClassLoader.java:380)
	at java.lang.ClassLoader.loadClass(ClassLoader.java:312)
	... 47 more

java.lang.NoClassDefFoundError: org.assertj.core.configuration.ConfigurationProvider
	at org.assertj.core.api.WritableAssertionInfo.<init>(WritableAssertionInfo.java:47)
	at org.assertj.core.api.AbstractAssert.<init>(AbstractAssert.java:104)
	at org.assertj.core.api.AbstractCharSequenceAssert.<init>(AbstractCharSequenceAssert.java:53)
	at org.assertj.core.api.AbstractStringAssert.<init>(AbstractStringAssert.java:29)
	at org.assertj.core.api.StringAssert.<init>(StringAssert.java:25)
	at org.assertj.core.api.AssertionsForClassTypes.assertThat(AssertionsForClassTypes.java:585)
	at org.assertj.core.api.Assertions.assertThat(Assertions.java:2862)
	at com.facebook.react.devsupport.AndroidNativeReaderTest$testHeaderNamesAreCaseInsensitive$callback$1.onChunkComplete(AndroidNativeReaderTest.kt:205)
	at com.facebook.react.devsupport.AndroidNativeReader.emitChunk(AndroidNativeReader.kt:180)
	at com.facebook.react.devsupport.AndroidNativeReader.readAllParts(AndroidNativeReader.kt:110)
	at com.facebook.react.devsupport.AndroidNativeReaderTest.testHeaderNamesAreCaseInsensitive(AndroidNativeReaderTest.kt:211)
	at java.lang.reflect.Method.invoke(Native Method)
	at org.junit.runners.model.FrameworkMethod$1.runReflectiveCall(FrameworkMethod.java:59)
	at org.junit.internal.runners.model.ReflectiveCallable.run(ReflectiveCallable.java:12)
	at org.junit.runners.model.FrameworkMethod.invokeExplosively(FrameworkMethod.java:56)
	at org.junit.internal.runners.statements.InvokeMethod.evaluate(InvokeMethod.java:17)
	at org.junit.runners.ParentRunner$3.evaluate(ParentRunner.java:306)
	at org.junit.runners.BlockJUnit4ClassRunner$1.evaluate(BlockJUnit4ClassRunner.java:100)
	at org.junit.runners.ParentRunner.runLeaf(ParentRunner.java:366)
	at org.junit.runners.BlockJUnit4ClassRunner.runChild(BlockJUnit4ClassRunner.java:103)
	at org.junit.runners.BlockJUnit4ClassRunner.runChild(BlockJUnit4ClassRunner.java:63)
	at org.junit.runners.ParentRunner$4.run(ParentRunner.java:331)
	at org.junit.runners.ParentRunner$1.schedule(ParentRunner.java:79)
	at org.junit.runners.ParentRunner.runChildren(ParentRunner.java:329)
	at org.junit.runners.ParentRunner.access$100(ParentRunner.java:66)
	at org.junit.runners.ParentRunner$2.evaluate(ParentRunner.java:293)
	at org.junit.runners.ParentRunner$3.evaluate(ParentRunner.java:306)
	at org.junit.runners.ParentRunner.run(ParentRunner.java:413)
	at org.junit.runners.Suite.runChild(Suite.java:128)
	at org.junit.runners.Suite.runChild(Suite.java:27)
	at org.junit.runners.ParentRunner$4.run(ParentRunner.java:331)
	at org.junit.runners.ParentRunner$1.schedule(ParentRunner.java:79)
	at org.junit.runners.ParentRunner.runChildren(ParentRunner.java:329)
	at org.junit.runners.ParentRunner.access$100(ParentRunner.java:66)
	at org.junit.runners.ParentRunner$2.evaluate(ParentRunner.java:293)
	at org.junit.runners.ParentRunner$3.evaluate(ParentRunner.java:306)
	at org.junit.runners.ParentRunner.run(ParentRunner.java:413)
	at org.junit.runner.JUnitCore.run(JUnitCore.java:137)
	at org.junit.runner.JUnitCore.run(JUnitCore.java:115)
	at org.junit.runner.JUnitCore.run(JUnitCore.java:105)
	at org.junit.runner.JUnitCore.runClasses(JUnitCore.java:62)
	at org.junit.runner.JUnitCore.runClasses(JUnitCore.java:49)
	at com.facebook.react.devsupport.AndroidArtMain.main(AndroidArtMain.java:18)
	at com.android.internal.os.RuntimeInit.nativeFinishInit(Native Method)
	at com.android.internal.os.RuntimeInit.main(RuntimeInit.java:262)
Caused by: java.lang.NoClassDefFoundError: Failed resolution of: Ljava/time/LocalDateTime;
	at org.assertj.core.presentation.StandardRepresentation.<clinit>(StandardRepresentation.java:113)
	at org.assertj.core.configuration.ConfigurationProvider.<init>(ConfigurationProvider.java:37)
	at org.assertj.core.configuration.ConfigurationProvider.<clinit>(ConfigurationProvider.java:32)
	at org.assertj.core.api.WritableAssertionInfo.<init>(WritableAssertionInfo.java:47)
	at org.assertj.core.api.AbstractAssert.<init>(AbstractAssert.java:104)
	at org.assertj.core.api.AbstractBooleanAssert.<init>(AbstractBooleanAssert.java:43)
	at org.assertj.core.api.BooleanAssert.<init>(BooleanAssert.java:33)
	at org.assertj.core.api.AssertionsForClassTypes.assertThat(AssertionsForClassTypes.java:171)
	at org.assertj.core.api.Assertions.assertThat(Assertions.java:326)
	at com.facebook.react.devsupport.AndroidNativeReaderTest$testSimpleCase$callback$1.onChunkComplete(AndroidNativeReaderTest.kt:46)
	at com.facebook.react.devsupport.AndroidNativeReader.emitChunk(AndroidNativeReader.kt:180)
	at com.facebook.react.devsupport.AndroidNativeReader.readAllParts(AndroidNativeReader.kt:110)
	at com.facebook.react.devsupport.AndroidNativeReaderTest.testSimpleCase(AndroidNativeReaderTest.kt:52)
	... 34 more
Caused by: java.lang.ClassNotFoundException: Didn't find class "java.time.LocalDateTime" on path: DexPathList[[dex file "/data/local/tmp/rn-multipart-comparison-fec597b/classes.dex"],nativeLibraryDirectories=[/system/lib64, /vendor/lib64, /system/lib64, /vendor/lib64]]
	at dalvik.system.BaseDexClassLoader.findClass(BaseDexClassLoader.java:56)
	at java.lang.ClassLoader.loadClass(ClassLoader.java:380)
	at java.lang.ClassLoader.loadClass(ClassLoader.java:312)
	... 47 more

java.lang.NoClassDefFoundError: org.assertj.core.configuration.ConfigurationProvider
	at org.assertj.core.api.WritableAssertionInfo.<init>(WritableAssertionInfo.java:47)
	at org.assertj.core.api.AbstractAssert.<init>(AbstractAssert.java:104)
	at org.assertj.core.api.AbstractBooleanAssert.<init>(AbstractBooleanAssert.java:43)
	at org.assertj.core.api.BooleanAssert.<init>(BooleanAssert.java:33)
	at org.assertj.core.api.AssertionsForClassTypes.assertThat(AssertionsForClassTypes.java:171)
	at org.assertj.core.api.Assertions.assertThat(Assertions.java:326)
	at com.facebook.react.devsupport.AndroidNativeReaderTest$testMultipleParts$callback$1.onChunkComplete(AndroidNativeReaderTest.kt:86)
	at com.facebook.react.devsupport.AndroidNativeReader.emitChunk(AndroidNativeReader.kt:164)
	at com.facebook.react.devsupport.AndroidNativeReader.readAllParts(AndroidNativeReader.kt:110)
	at com.facebook.react.devsupport.AndroidNativeReaderTest.testMultipleParts(AndroidNativeReaderTest.kt:90)
	at java.lang.reflect.Method.invoke(Native Method)
	at org.junit.runners.model.FrameworkMethod$1.runReflectiveCall(FrameworkMethod.java:59)
	at org.junit.internal.runners.model.ReflectiveCallable.run(ReflectiveCallable.java:12)
	at org.junit.runners.model.FrameworkMethod.invokeExplosively(FrameworkMethod.java:56)
	at org.junit.internal.runners.statements.InvokeMethod.evaluate(InvokeMethod.java:17)
	at org.junit.runners.ParentRunner$3.evaluate(ParentRunner.java:306)
	at org.junit.runners.BlockJUnit4ClassRunner$1.evaluate(BlockJUnit4ClassRunner.java:100)
	at org.junit.runners.ParentRunner.runLeaf(ParentRunner.java:366)
	at org.junit.runners.BlockJUnit4ClassRunner.runChild(BlockJUnit4ClassRunner.java:103)
	at org.junit.runners.BlockJUnit4ClassRunner.runChild(BlockJUnit4ClassRunner.java:63)
	at org.junit.runners.ParentRunner$4.run(ParentRunner.java:331)
	at org.junit.runners.ParentRunner$1.schedule(ParentRunner.java:79)
	at org.junit.runners.ParentRunner.runChildren(ParentRunner.java:329)
	at org.junit.runners.ParentRunner.access$100(ParentRunner.java:66)
	at org.junit.runners.ParentRunner$2.evaluate(ParentRunner.java:293)
	at org.junit.runners.ParentRunner$3.evaluate(ParentRunner.java:306)
	at org.junit.runners.ParentRunner.run(ParentRunner.java:413)
	at org.junit.runners.Suite.runChild(Suite.java:128)
	at org.junit.runners.Suite.runChild(Suite.java:27)
	at org.junit.runners.ParentRunner$4.run(ParentRunner.java:331)
	at org.junit.runners.ParentRunner$1.schedule(ParentRunner.java:79)
	at org.junit.runners.ParentRunner.runChildren(ParentRunner.java:329)
	at org.junit.runners.ParentRunner.access$100(ParentRunner.java:66)
	at org.junit.runners.ParentRunner$2.evaluate(ParentRunner.java:293)
	at org.junit.runners.ParentRunner$3.evaluate(ParentRunner.java:306)
	at org.junit.runners.ParentRunner.run(ParentRunner.java:413)
	at org.junit.runner.JUnitCore.run(JUnitCore.java:137)
	at org.junit.runner.JUnitCore.run(JUnitCore.java:115)
	at org.junit.runner.JUnitCore.run(JUnitCore.java:105)
	at org.junit.runner.JUnitCore.runClasses(JUnitCore.java:62)
	at org.junit.runner.JUnitCore.runClasses(JUnitCore.java:49)
	at com.facebook.react.devsupport.AndroidArtMain.main(AndroidArtMain.java:18)
	at com.android.internal.os.RuntimeInit.nativeFinishInit(Native Method)
	at com.android.internal.os.RuntimeInit.main(RuntimeInit.java:262)
Caused by: java.lang.NoClassDefFoundError: Failed resolution of: Ljava/time/LocalDateTime;
	at org.assertj.core.presentation.StandardRepresentation.<clinit>(StandardRepresentation.java:113)
	at org.assertj.core.configuration.ConfigurationProvider.<init>(ConfigurationProvider.java:37)
	at org.assertj.core.configuration.ConfigurationProvider.<clinit>(ConfigurationProvider.java:32)
	at org.assertj.core.api.WritableAssertionInfo.<init>(WritableAssertionInfo.java:47)
	at org.assertj.core.api.AbstractAssert.<init>(AbstractAssert.java:104)
	at org.assertj.core.api.AbstractBooleanAssert.<init>(AbstractBooleanAssert.java:43)
	at org.assertj.core.api.BooleanAssert.<init>(BooleanAssert.java:33)
	at org.assertj.core.api.AssertionsForClassTypes.assertThat(AssertionsForClassTypes.java:171)
	at org.assertj.core.api.Assertions.assertThat(Assertions.java:326)
	at com.facebook.react.devsupport.AndroidNativeReaderTest$testSimpleCase$callback$1.onChunkComplete(AndroidNativeReaderTest.kt:46)
	at com.facebook.react.devsupport.AndroidNativeReader.emitChunk(AndroidNativeReader.kt:180)
	at com.facebook.react.devsupport.AndroidNativeReader.readAllParts(AndroidNativeReader.kt:110)
	at com.facebook.react.devsupport.AndroidNativeReaderTest.testSimpleCase(AndroidNativeReaderTest.kt:52)
	... 34 more
Caused by: java.lang.ClassNotFoundException: Didn't find class "java.time.LocalDateTime" on path: DexPathList[[dex file "/data/local/tmp/rn-multipart-comparison-fec597b/classes.dex"],nativeLibraryDirectories=[/system/lib64, /vendor/lib64, /system/lib64, /vendor/lib64]]
	at dalvik.system.BaseDexClassLoader.findClass(BaseDexClassLoader.java:56)
	at java.lang.ClassLoader.loadClass(ClassLoader.java:380)
	at java.lang.ClassLoader.loadClass(ClassLoader.java:312)
	... 47 more

java.lang.NoClassDefFoundError: org.assertj.core.configuration.ConfigurationProvider
	at org.assertj.core.api.WritableAssertionInfo.<init>(WritableAssertionInfo.java:47)
	at org.assertj.core.api.AbstractAssert.<init>(AbstractAssert.java:104)
	at org.assertj.core.api.AbstractBooleanAssert.<init>(AbstractBooleanAssert.java:43)
	at org.assertj.core.api.BooleanAssert.<init>(BooleanAssert.java:33)
	at org.assertj.core.api.AssertionsForClassTypes.assertThat(AssertionsForClassTypes.java:171)
	at org.assertj.core.api.Assertions.assertThat(Assertions.java:326)
	at com.facebook.react.devsupport.AndroidNativeReaderTest.testDelimitersAcrossEveryReadBoundary(AndroidNativeReaderTest.kt:248)
	at java.lang.reflect.Method.invoke(Native Method)
	at org.junit.runners.model.FrameworkMethod$1.runReflectiveCall(FrameworkMethod.java:59)
	at org.junit.internal.runners.model.ReflectiveCallable.run(ReflectiveCallable.java:12)
	at org.junit.runners.model.FrameworkMethod.invokeExplosively(FrameworkMethod.java:56)
	at org.junit.internal.runners.statements.InvokeMethod.evaluate(InvokeMethod.java:17)
	at org.junit.runners.ParentRunner$3.evaluate(ParentRunner.java:306)
	at org.junit.runners.BlockJUnit4ClassRunner$1.evaluate(BlockJUnit4ClassRunner.java:100)
	at org.junit.runners.ParentRunner.runLeaf(ParentRunner.java:366)
	at org.junit.runners.BlockJUnit4ClassRunner.runChild(BlockJUnit4ClassRunner.java:103)
	at org.junit.runners.BlockJUnit4ClassRunner.runChild(BlockJUnit4ClassRunner.java:63)
	at org.junit.runners.ParentRunner$4.run(ParentRunner.java:331)
	at org.junit.runners.ParentRunner$1.schedule(ParentRunner.java:79)
	at org.junit.runners.ParentRunner.runChildren(ParentRunner.java:329)
	at org.junit.runners.ParentRunner.access$100(ParentRunner.java:66)
	at org.junit.runners.ParentRunner$2.evaluate(ParentRunner.java:293)
	at org.junit.runners.ParentRunner$3.evaluate(ParentRunner.java:306)
	at org.junit.runners.ParentRunner.run(ParentRunner.java:413)
	at org.junit.runners.Suite.runChild(Suite.java:128)
	at org.junit.runners.Suite.runChild(Suite.java:27)
	at org.junit.runners.ParentRunner$4.run(ParentRunner.java:331)
	at org.junit.runners.ParentRunner$1.schedule(ParentRunner.java:79)
	at org.junit.runners.ParentRunner.runChildren(ParentRunner.java:329)
	at org.junit.runners.ParentRunner.access$100(ParentRunner.java:66)
	at org.junit.runners.ParentRunner$2.evaluate(ParentRunner.java:293)
	at org.junit.runners.ParentRunner$3.evaluate(ParentRunner.java:306)
	at org.junit.runners.ParentRunner.run(ParentRunner.java:413)
	at org.junit.runner.JUnitCore.run(JUnitCore.java:137)
	at org.junit.runner.JUnitCore.run(JUnitCore.java:115)
	at org.junit.runner.JUnitCore.run(JUnitCore.java:105)
	at org.junit.runner.JUnitCore.runClasses(JUnitCore.java:62)
	at org.junit.runner.JUnitCore.runClasses(JUnitCore.java:49)
	at com.facebook.react.devsupport.AndroidArtMain.main(AndroidArtMain.java:18)
	at com.android.internal.os.RuntimeInit.nativeFinishInit(Native Method)
	at com.android.internal.os.RuntimeInit.main(RuntimeInit.java:262)
Caused by: java.lang.NoClassDefFoundError: Failed resolution of: Ljava/time/LocalDateTime;
	at org.assertj.core.presentation.StandardRepresentation.<clinit>(StandardRepresentation.java:113)
	at org.assertj.core.configuration.ConfigurationProvider.<init>(ConfigurationProvider.java:37)
	at org.assertj.core.configuration.ConfigurationProvider.<clinit>(ConfigurationProvider.java:32)
	at org.assertj.core.api.WritableAssertionInfo.<init>(WritableAssertionInfo.java:47)
	at org.assertj.core.api.AbstractAssert.<init>(AbstractAssert.java:104)
	at org.assertj.core.api.AbstractBooleanAssert.<init>(AbstractBooleanAssert.java:43)
	at org.assertj.core.api.BooleanAssert.<init>(BooleanAssert.java:33)
	at org.assertj.core.api.AssertionsForClassTypes.assertThat(AssertionsForClassTypes.java:171)
	at org.assertj.core.api.Assertions.assertThat(Assertions.java:326)
	at com.facebook.react.devsupport.AndroidNativeReaderTest$testSimpleCase$callback$1.onChunkComplete(AndroidNativeReaderTest.kt:46)
	at com.facebook.react.devsupport.AndroidNativeReader.emitChunk(AndroidNativeReader.kt:180)
	at com.facebook.react.devsupport.AndroidNativeReader.readAllParts(AndroidNativeReader.kt:110)
	at com.facebook.react.devsupport.AndroidNativeReaderTest.testSimpleCase(AndroidNativeReaderTest.kt:52)
	... 34 more
Caused by: java.lang.ClassNotFoundException: Didn't find class "java.time.LocalDateTime" on path: DexPathList[[dex file "/data/local/tmp/rn-multipart-comparison-fec597b/classes.dex"],nativeLibraryDirectories=[/system/lib64, /vendor/lib64, /system/lib64, /vendor/lib64]]
	at dalvik.system.BaseDexClassLoader.findClass(BaseDexClassLoader.java:56)
	at java.lang.ClassLoader.loadClass(ClassLoader.java:380)
	at java.lang.ClassLoader.loadClass(ClassLoader.java:312)
	... 47 more

java.lang.NoClassDefFoundError: org.assertj.core.configuration.ConfigurationProvider
	at org.assertj.core.api.WritableAssertionInfo.<init>(WritableAssertionInfo.java:47)
	at org.assertj.core.api.AbstractAssert.<init>(AbstractAssert.java:104)
	at org.assertj.core.api.AbstractObjectAssert.<init>(AbstractObjectAssert.java:61)
	at org.assertj.core.api.AbstractComparableAssert.<init>(AbstractComparableAssert.java:40)
	at org.assertj.core.api.AbstractIntegerAssert.<init>(AbstractIntegerAssert.java:48)
	at org.assertj.core.api.IntegerAssert.<init>(IntegerAssert.java:35)
	at org.assertj.core.api.AssertionsForClassTypes.assertThat(AssertionsForClassTypes.java:406)
	at org.assertj.core.api.Assertions.assertThat(Assertions.java:563)
	at com.facebook.react.devsupport.AndroidNativeReaderTest.testNoCloseDelimiter(AndroidNativeReaderTest.kt:133)
	at java.lang.reflect.Method.invoke(Native Method)
	at org.junit.runners.model.FrameworkMethod$1.runReflectiveCall(FrameworkMethod.java:59)
	at org.junit.internal.runners.model.ReflectiveCallable.run(ReflectiveCallable.java:12)
	at org.junit.runners.model.FrameworkMethod.invokeExplosively(FrameworkMethod.java:56)
	at org.junit.internal.runners.statements.InvokeMethod.evaluate(InvokeMethod.java:17)
	at org.junit.runners.ParentRunner$3.evaluate(ParentRunner.java:306)
	at org.junit.runners.BlockJUnit4ClassRunner$1.evaluate(BlockJUnit4ClassRunner.java:100)
	at org.junit.runners.ParentRunner.runLeaf(ParentRunner.java:366)
	at org.junit.runners.BlockJUnit4ClassRunner.runChild(BlockJUnit4ClassRunner.java:103)
	at org.junit.runners.BlockJUnit4ClassRunner.runChild(BlockJUnit4ClassRunner.java:63)
	at org.junit.runners.ParentRunner$4.run(ParentRunner.java:331)
	at org.junit.runners.ParentRunner$1.schedule(ParentRunner.java:79)
	at org.junit.runners.ParentRunner.runChildren(ParentRunner.java:329)
	at org.junit.runners.ParentRunner.access$100(ParentRunner.java:66)
	at org.junit.runners.ParentRunner$2.evaluate(ParentRunner.java:293)
	at org.junit.runners.ParentRunner$3.evaluate(ParentRunner.java:306)
	at org.junit.runners.ParentRunner.run(ParentRunner.java:413)
	at org.junit.runners.Suite.runChild(Suite.java:128)
	at org.junit.runners.Suite.runChild(Suite.java:27)
	at org.junit.runners.ParentRunner$4.run(ParentRunner.java:331)
	at org.junit.runners.ParentRunner$1.schedule(ParentRunner.java:79)
	at org.junit.runners.ParentRunner.runChildren(ParentRunner.java:329)
	at org.junit.runners.ParentRunner.access$100(ParentRunner.java:66)
	at org.junit.runners.ParentRunner$2.evaluate(ParentRunner.java:293)
	at org.junit.runners.ParentRunner$3.evaluate(ParentRunner.java:306)
	at org.junit.runners.ParentRunner.run(ParentRunner.java:413)
	at org.junit.runner.JUnitCore.run(JUnitCore.java:137)
	at org.junit.runner.JUnitCore.run(JUnitCore.java:115)
	at org.junit.runner.JUnitCore.run(JUnitCore.java:105)
	at org.junit.runner.JUnitCore.runClasses(JUnitCore.java:62)
	at org.junit.runner.JUnitCore.runClasses(JUnitCore.java:49)
	at com.facebook.react.devsupport.AndroidArtMain.main(AndroidArtMain.java:18)
	at com.android.internal.os.RuntimeInit.nativeFinishInit(Native Method)
	at com.android.internal.os.RuntimeInit.main(RuntimeInit.java:262)
Caused by: java.lang.NoClassDefFoundError: Failed resolution of: Ljava/time/LocalDateTime;
	at org.assertj.core.presentation.StandardRepresentation.<clinit>(StandardRepresentation.java:113)
	at org.assertj.core.configuration.ConfigurationProvider.<init>(ConfigurationProvider.java:37)
	at org.assertj.core.configuration.ConfigurationProvider.<clinit>(ConfigurationProvider.java:32)
	at org.assertj.core.api.WritableAssertionInfo.<init>(WritableAssertionInfo.java:47)
	at org.assertj.core.api.AbstractAssert.<init>(AbstractAssert.java:104)
	at org.assertj.core.api.AbstractBooleanAssert.<init>(AbstractBooleanAssert.java:43)
	at org.assertj.core.api.BooleanAssert.<init>(BooleanAssert.java:33)
	at org.assertj.core.api.AssertionsForClassTypes.assertThat(AssertionsForClassTypes.java:171)
	at org.assertj.core.api.Assertions.assertThat(Assertions.java:326)
	at com.facebook.react.devsupport.AndroidNativeReaderTest$testSimpleCase$callback$1.onChunkComplete(AndroidNativeReaderTest.kt:46)
	at com.facebook.react.devsupport.AndroidNativeReader.emitChunk(AndroidNativeReader.kt:180)
	at com.facebook.react.devsupport.AndroidNativeReader.readAllParts(AndroidNativeReader.kt:110)
	at com.facebook.react.devsupport.AndroidNativeReaderTest.testSimpleCase(AndroidNativeReaderTest.kt:52)
	... 34 more
Caused by: java.lang.ClassNotFoundException: Didn't find class "java.time.LocalDateTime" on path: DexPathList[[dex file "/data/local/tmp/rn-multipart-comparison-fec597b/classes.dex"],nativeLibraryDirectories=[/system/lib64, /vendor/lib64, /system/lib64, /vendor/lib64]]
	at dalvik.system.BaseDexClassLoader.findClass(BaseDexClassLoader.java:56)
	at java.lang.ClassLoader.loadClass(ClassLoader.java:380)
	at java.lang.ClassLoader.loadClass(ClassLoader.java:312)
	... 47 more

java.lang.NoClassDefFoundError: org.assertj.core.configuration.ConfigurationProvider
	at org.assertj.core.api.WritableAssertionInfo.<init>(WritableAssertionInfo.java:47)
	at org.assertj.core.api.AbstractAssert.<init>(AbstractAssert.java:104)
	at org.assertj.core.api.AbstractObjectAssert.<init>(AbstractObjectAssert.java:61)
	at org.assertj.core.api.AbstractMapAssert.<init>(AbstractMapAssert.java:70)
	at org.assertj.core.api.MapAssert.<init>(MapAssert.java:32)
	at org.assertj.core.api.AssertionsForInterfaceTypes.assertThat(AssertionsForInterfaceTypes.java:328)
	at org.assertj.core.api.Assertions.assertThat(Assertions.java:3081)
	at com.facebook.react.devsupport.AndroidNativeReaderTest$testHeaderWhitespaceDuplicatesAndColonValues$1.onChunkComplete(AndroidNativeReaderTest.kt:272)
	at com.facebook.react.devsupport.AndroidNativeReader.emitChunk(AndroidNativeReader.kt:180)
	at com.facebook.react.devsupport.AndroidNativeReader.readAllParts(AndroidNativeReader.kt:110)
	at com.facebook.react.devsupport.AndroidNativeReaderTest.testHeaderWhitespaceDuplicatesAndColonValues(AndroidNativeReaderTest.kt:264)
	at java.lang.reflect.Method.invoke(Native Method)
	at org.junit.runners.model.FrameworkMethod$1.runReflectiveCall(FrameworkMethod.java:59)
	at org.junit.internal.runners.model.ReflectiveCallable.run(ReflectiveCallable.java:12)
	at org.junit.runners.model.FrameworkMethod.invokeExplosively(FrameworkMethod.java:56)
	at org.junit.internal.runners.statements.InvokeMethod.evaluate(InvokeMethod.java:17)
	at org.junit.runners.ParentRunner$3.evaluate(ParentRunner.java:306)
	at org.junit.runners.BlockJUnit4ClassRunner$1.evaluate(BlockJUnit4ClassRunner.java:100)
	at org.junit.runners.ParentRunner.runLeaf(ParentRunner.java:366)
	at org.junit.runners.BlockJUnit4ClassRunner.runChild(BlockJUnit4ClassRunner.java:103)
	at org.junit.runners.BlockJUnit4ClassRunner.runChild(BlockJUnit4ClassRunner.java:63)
	at org.junit.runners.ParentRunner$4.run(ParentRunner.java:331)
	at org.junit.runners.ParentRunner$1.schedule(ParentRunner.java:79)
	at org.junit.runners.ParentRunner.runChildren(ParentRunner.java:329)
	at org.junit.runners.ParentRunner.access$100(ParentRunner.java:66)
	at org.junit.runners.ParentRunner$2.evaluate(ParentRunner.java:293)
	at org.junit.runners.ParentRunner$3.evaluate(ParentRunner.java:306)
	at org.junit.runners.ParentRunner.run(ParentRunner.java:413)
	at org.junit.runners.Suite.runChild(Suite.java:128)
	at org.junit.runners.Suite.runChild(Suite.java:27)
	at org.junit.runners.ParentRunner$4.run(ParentRunner.java:331)
	at org.junit.runners.ParentRunner$1.schedule(ParentRunner.java:79)
	at org.junit.runners.ParentRunner.runChildren(ParentRunner.java:329)
	at org.junit.runners.ParentRunner.access$100(ParentRunner.java:66)
	at org.junit.runners.ParentRunner$2.evaluate(ParentRunner.java:293)
	at org.junit.runners.ParentRunner$3.evaluate(ParentRunner.java:306)
	at org.junit.runners.ParentRunner.run(ParentRunner.java:413)
	at org.junit.runner.JUnitCore.run(JUnitCore.java:137)
	at org.junit.runner.JUnitCore.run(JUnitCore.java:115)
	at org.junit.runner.JUnitCore.run(JUnitCore.java:105)
	at org.junit.runner.JUnitCore.runClasses(JUnitCore.java:62)
	at org.junit.runner.JUnitCore.runClasses(JUnitCore.java:49)
	at com.facebook.react.devsupport.AndroidArtMain.main(AndroidArtMain.java:18)
	at com.android.internal.os.RuntimeInit.nativeFinishInit(Native Method)
	at com.android.internal.os.RuntimeInit.main(RuntimeInit.java:262)
Caused by: java.lang.NoClassDefFoundError: Failed resolution of: Ljava/time/LocalDateTime;
	at org.assertj.core.presentation.StandardRepresentation.<clinit>(StandardRepresentation.java:113)
	at org.assertj.core.configuration.ConfigurationProvider.<init>(ConfigurationProvider.java:37)
	at org.assertj.core.configuration.ConfigurationProvider.<clinit>(ConfigurationProvider.java:32)
	at org.assertj.core.api.WritableAssertionInfo.<init>(WritableAssertionInfo.java:47)
	at org.assertj.core.api.AbstractAssert.<init>(AbstractAssert.java:104)
	at org.assertj.core.api.AbstractBooleanAssert.<init>(AbstractBooleanAssert.java:43)
	at org.assertj.core.api.BooleanAssert.<init>(BooleanAssert.java:33)
	at org.assertj.core.api.AssertionsForClassTypes.assertThat(AssertionsForClassTypes.java:171)
	at org.assertj.core.api.Assertions.assertThat(Assertions.java:326)
	at com.facebook.react.devsupport.AndroidNativeReaderTest$testSimpleCase$callback$1.onChunkComplete(AndroidNativeReaderTest.kt:46)
	at com.facebook.react.devsupport.AndroidNativeReader.emitChunk(AndroidNativeReader.kt:180)
	at com.facebook.react.devsupport.AndroidNativeReader.readAllParts(AndroidNativeReader.kt:110)
	at com.facebook.react.devsupport.AndroidNativeReaderTest.testSimpleCase(AndroidNativeReaderTest.kt:52)
	... 34 more
Caused by: java.lang.ClassNotFoundException: Didn't find class "java.time.LocalDateTime" on path: DexPathList[[dex file "/data/local/tmp/rn-multipart-comparison-fec597b/classes.dex"],nativeLibraryDirectories=[/system/lib64, /vendor/lib64, /system/lib64, /vendor/lib64]]
	at dalvik.system.BaseDexClassLoader.findClass(BaseDexClassLoader.java:56)
	at java.lang.ClassLoader.loadClass(ClassLoader.java:380)
	at java.lang.ClassLoader.loadClass(ClassLoader.java:312)
	... 47 more

java.lang.NoClassDefFoundError: org.assertj.core.configuration.ConfigurationProvider
	at org.assertj.core.api.WritableAssertionInfo.<init>(WritableAssertionInfo.java:47)
	at org.assertj.core.api.AbstractAssert.<init>(AbstractAssert.java:104)
	at org.assertj.core.api.AbstractBooleanAssert.<init>(AbstractBooleanAssert.java:43)
	at org.assertj.core.api.BooleanAssert.<init>(BooleanAssert.java:33)
	at org.assertj.core.api.AssertionsForClassTypes.assertThat(AssertionsForClassTypes.java:171)
	at org.assertj.core.api.Assertions.assertThat(Assertions.java:326)
	at com.facebook.react.devsupport.AndroidOptimizedReaderTest$testSimpleCase$callback$1.onChunkComplete(AndroidOptimizedReaderTest.kt:46)
	at com.facebook.react.devsupport.AndroidOptimizedReader.emitChunk(AndroidOptimizedReader.kt:169)
	at com.facebook.react.devsupport.AndroidOptimizedReader.readAllParts(AndroidOptimizedReader.kt:110)
	at com.facebook.react.devsupport.AndroidOptimizedReaderTest.testSimpleCase(AndroidOptimizedReaderTest.kt:52)
	at java.lang.reflect.Method.invoke(Native Method)
	at org.junit.runners.model.FrameworkMethod$1.runReflectiveCall(FrameworkMethod.java:59)
	at org.junit.internal.runners.model.ReflectiveCallable.run(ReflectiveCallable.java:12)
	at org.junit.runners.model.FrameworkMethod.invokeExplosively(FrameworkMethod.java:56)
	at org.junit.internal.runners.statements.InvokeMethod.evaluate(InvokeMethod.java:17)
	at org.junit.runners.ParentRunner$3.evaluate(ParentRunner.java:306)
	at org.junit.runners.BlockJUnit4ClassRunner$1.evaluate(BlockJUnit4ClassRunner.java:100)
	at org.junit.runners.ParentRunner.runLeaf(ParentRunner.java:366)
	at org.junit.runners.BlockJUnit4ClassRunner.runChild(BlockJUnit4ClassRunner.java:103)
	at org.junit.runners.BlockJUnit4ClassRunner.runChild(BlockJUnit4ClassRunner.java:63)
	at org.junit.runners.ParentRunner$4.run(ParentRunner.java:331)
	at org.junit.runners.ParentRunner$1.schedule(ParentRunner.java:79)
	at org.junit.runners.ParentRunner.runChildren(ParentRunner.java:329)
	at org.junit.runners.ParentRunner.access$100(ParentRunner.java:66)
	at org.junit.runners.ParentRunner$2.evaluate(ParentRunner.java:293)
	at org.junit.runners.ParentRunner$3.evaluate(ParentRunner.java:306)
	at org.junit.runners.ParentRunner.run(ParentRunner.java:413)
	at org.junit.runners.Suite.runChild(Suite.java:128)
	at org.junit.runners.Suite.runChild(Suite.java:27)
	at org.junit.runners.ParentRunner$4.run(ParentRunner.java:331)
	at org.junit.runners.ParentRunner$1.schedule(ParentRunner.java:79)
	at org.junit.runners.ParentRunner.runChildren(ParentRunner.java:329)
	at org.junit.runners.ParentRunner.access$100(ParentRunner.java:66)
	at org.junit.runners.ParentRunner$2.evaluate(ParentRunner.java:293)
	at org.junit.runners.ParentRunner$3.evaluate(ParentRunner.java:306)
	at org.junit.runners.ParentRunner.run(ParentRunner.java:413)
	at org.junit.runner.JUnitCore.run(JUnitCore.java:137)
	at org.junit.runner.JUnitCore.run(JUnitCore.java:115)
	at org.junit.runner.JUnitCore.run(JUnitCore.java:105)
	at org.junit.runner.JUnitCore.runClasses(JUnitCore.java:62)
	at org.junit.runner.JUnitCore.runClasses(JUnitCore.java:49)
	at com.facebook.react.devsupport.AndroidArtMain.main(AndroidArtMain.java:18)
	at com.android.internal.os.RuntimeInit.nativeFinishInit(Native Method)
	at com.android.internal.os.RuntimeInit.main(RuntimeInit.java:262)
Caused by: java.lang.NoClassDefFoundError: Failed resolution of: Ljava/time/LocalDateTime;
	at org.assertj.core.presentation.StandardRepresentation.<clinit>(StandardRepresentation.java:113)
	at org.assertj.core.configuration.ConfigurationProvider.<init>(ConfigurationProvider.java:37)
	at org.assertj.core.configuration.ConfigurationProvider.<clinit>(ConfigurationProvider.java:32)
	at org.assertj.core.api.WritableAssertionInfo.<init>(WritableAssertionInfo.java:47)
	at org.assertj.core.api.AbstractAssert.<init>(AbstractAssert.java:104)
	at org.assertj.core.api.AbstractBooleanAssert.<init>(AbstractBooleanAssert.java:43)
	at org.assertj.core.api.BooleanAssert.<init>(BooleanAssert.java:33)
	at org.assertj.core.api.AssertionsForClassTypes.assertThat(AssertionsForClassTypes.java:171)
	at org.assertj.core.api.Assertions.assertThat(Assertions.java:326)
	at com.facebook.react.devsupport.AndroidNativeReaderTest$testSimpleCase$callback$1.onChunkComplete(AndroidNativeReaderTest.kt:46)
	at com.facebook.react.devsupport.AndroidNativeReader.emitChunk(AndroidNativeReader.kt:180)
	at com.facebook.react.devsupport.AndroidNativeReader.readAllParts(AndroidNativeReader.kt:110)
	at com.facebook.react.devsupport.AndroidNativeReaderTest.testSimpleCase(AndroidNativeReaderTest.kt:52)
	... 34 more
Caused by: java.lang.ClassNotFoundException: Didn't find class "java.time.LocalDateTime" on path: DexPathList[[dex file "/data/local/tmp/rn-multipart-comparison-fec597b/classes.dex"],nativeLibraryDirectories=[/system/lib64, /vendor/lib64, /system/lib64, /vendor/lib64]]
	at dalvik.system.BaseDexClassLoader.findClass(BaseDexClassLoader.java:56)
	at java.lang.ClassLoader.loadClass(ClassLoader.java:380)
	at java.lang.ClassLoader.loadClass(ClassLoader.java:312)
	... 47 more

java.lang.NoClassDefFoundError: org.assertj.core.configuration.ConfigurationProvider
	at org.assertj.core.api.WritableAssertionInfo.<init>(WritableAssertionInfo.java:47)
	at org.assertj.core.api.AbstractAssert.<init>(AbstractAssert.java:104)
	at org.assertj.core.api.AbstractBooleanAssert.<init>(AbstractBooleanAssert.java:43)
	at org.assertj.core.api.BooleanAssert.<init>(BooleanAssert.java:33)
	at org.assertj.core.api.AssertionsForClassTypes.assertThat(AssertionsForClassTypes.java:171)
	at org.assertj.core.api.Assertions.assertThat(Assertions.java:326)
	at com.facebook.react.devsupport.AndroidOptimizedReaderTest.testListenerDoesNotNeedToFullyReadBody(AndroidOptimizedReaderTest.kt:177)
	at java.lang.reflect.Method.invoke(Native Method)
	at org.junit.runners.model.FrameworkMethod$1.runReflectiveCall(FrameworkMethod.java:59)
	at org.junit.internal.runners.model.ReflectiveCallable.run(ReflectiveCallable.java:12)
	at org.junit.runners.model.FrameworkMethod.invokeExplosively(FrameworkMethod.java:56)
	at org.junit.internal.runners.statements.InvokeMethod.evaluate(InvokeMethod.java:17)
	at org.junit.runners.ParentRunner$3.evaluate(ParentRunner.java:306)
	at org.junit.runners.BlockJUnit4ClassRunner$1.evaluate(BlockJUnit4ClassRunner.java:100)
	at org.junit.runners.ParentRunner.runLeaf(ParentRunner.java:366)
	at org.junit.runners.BlockJUnit4ClassRunner.runChild(BlockJUnit4ClassRunner.java:103)
	at org.junit.runners.BlockJUnit4ClassRunner.runChild(BlockJUnit4ClassRunner.java:63)
	at org.junit.runners.ParentRunner$4.run(ParentRunner.java:331)
	at org.junit.runners.ParentRunner$1.schedule(ParentRunner.java:79)
	at org.junit.runners.ParentRunner.runChildren(ParentRunner.java:329)
	at org.junit.runners.ParentRunner.access$100(ParentRunner.java:66)
	at org.junit.runners.ParentRunner$2.evaluate(ParentRunner.java:293)
	at org.junit.runners.ParentRunner$3.evaluate(ParentRunner.java:306)
	at org.junit.runners.ParentRunner.run(ParentRunner.java:413)
	at org.junit.runners.Suite.runChild(Suite.java:128)
	at org.junit.runners.Suite.runChild(Suite.java:27)
	at org.junit.runners.ParentRunner$4.run(ParentRunner.java:331)
	at org.junit.runners.ParentRunner$1.schedule(ParentRunner.java:79)
	at org.junit.runners.ParentRunner.runChildren(ParentRunner.java:329)
	at org.junit.runners.ParentRunner.access$100(ParentRunner.java:66)
	at org.junit.runners.ParentRunner$2.evaluate(ParentRunner.java:293)
	at org.junit.runners.ParentRunner$3.evaluate(ParentRunner.java:306)
	at org.junit.runners.ParentRunner.run(ParentRunner.java:413)
	at org.junit.runner.JUnitCore.run(JUnitCore.java:137)
	at org.junit.runner.JUnitCore.run(JUnitCore.java:115)
	at org.junit.runner.JUnitCore.run(JUnitCore.java:105)
	at org.junit.runner.JUnitCore.runClasses(JUnitCore.java:62)
	at org.junit.runner.JUnitCore.runClasses(JUnitCore.java:49)
	at com.facebook.react.devsupport.AndroidArtMain.main(AndroidArtMain.java:18)
	at com.android.internal.os.RuntimeInit.nativeFinishInit(Native Method)
	at com.android.internal.os.RuntimeInit.main(RuntimeInit.java:262)
Caused by: java.lang.NoClassDefFoundError: Failed resolution of: Ljava/time/LocalDateTime;
	at org.assertj.core.presentation.StandardRepresentation.<clinit>(StandardRepresentation.java:113)
	at org.assertj.core.configuration.ConfigurationProvider.<init>(ConfigurationProvider.java:37)
	at org.assertj.core.configuration.ConfigurationProvider.<clinit>(ConfigurationProvider.java:32)
	at org.assertj.core.api.WritableAssertionInfo.<init>(WritableAssertionInfo.java:47)
	at org.assertj.core.api.AbstractAssert.<init>(AbstractAssert.java:104)
	at org.assertj.core.api.AbstractBooleanAssert.<init>(AbstractBooleanAssert.java:43)
	at org.assertj.core.api.BooleanAssert.<init>(BooleanAssert.java:33)
	at org.assertj.core.api.AssertionsForClassTypes.assertThat(AssertionsForClassTypes.java:171)
	at org.assertj.core.api.Assertions.assertThat(Assertions.java:326)
	at com.facebook.react.devsupport.AndroidNativeReaderTest$testSimpleCase$callback$1.onChunkComplete(AndroidNativeReaderTest.kt:46)
	at com.facebook.react.devsupport.AndroidNativeReader.emitChunk(AndroidNativeReader.kt:180)
	at com.facebook.react.devsupport.AndroidNativeReader.readAllParts(AndroidNativeReader.kt:110)
	at com.facebook.react.devsupport.AndroidNativeReaderTest.testSimpleCase(AndroidNativeReaderTest.kt:52)
	... 34 more
Caused by: java.lang.ClassNotFoundException: Didn't find class "java.time.LocalDateTime" on path: DexPathList[[dex file "/data/local/tmp/rn-multipart-comparison-fec597b/classes.dex"],nativeLibraryDirectories=[/system/lib64, /vendor/lib64, /system/lib64, /vendor/lib64]]
	at dalvik.system.BaseDexClassLoader.findClass(BaseDexClassLoader.java:56)
	at java.lang.ClassLoader.loadClass(ClassLoader.java:380)
	at java.lang.ClassLoader.loadClass(ClassLoader.java:312)
	... 47 more

java.lang.NoClassDefFoundError: org.assertj.core.configuration.ConfigurationProvider
	at org.assertj.core.api.WritableAssertionInfo.<init>(WritableAssertionInfo.java:47)
	at org.assertj.core.api.AbstractAssert.<init>(AbstractAssert.java:104)
	at org.assertj.core.api.AbstractBooleanAssert.<init>(AbstractBooleanAssert.java:43)
	at org.assertj.core.api.BooleanAssert.<init>(BooleanAssert.java:33)
	at org.assertj.core.api.AssertionsForClassTypes.assertThat(AssertionsForClassTypes.java:171)
	at org.assertj.core.api.Assertions.assertThat(Assertions.java:326)
	at com.facebook.react.devsupport.AndroidOptimizedReaderTest.testFinalProgressForFragmentedBody(AndroidOptimizedReaderTest.kt:299)
	at java.lang.reflect.Method.invoke(Native Method)
	at org.junit.runners.model.FrameworkMethod$1.runReflectiveCall(FrameworkMethod.java:59)
	at org.junit.internal.runners.model.ReflectiveCallable.run(ReflectiveCallable.java:12)
	at org.junit.runners.model.FrameworkMethod.invokeExplosively(FrameworkMethod.java:56)
	at org.junit.internal.runners.statements.InvokeMethod.evaluate(InvokeMethod.java:17)
	at org.junit.runners.ParentRunner$3.evaluate(ParentRunner.java:306)
	at org.junit.runners.BlockJUnit4ClassRunner$1.evaluate(BlockJUnit4ClassRunner.java:100)
	at org.junit.runners.ParentRunner.runLeaf(ParentRunner.java:366)
	at org.junit.runners.BlockJUnit4ClassRunner.runChild(BlockJUnit4ClassRunner.java:103)
	at org.junit.runners.BlockJUnit4ClassRunner.runChild(BlockJUnit4ClassRunner.java:63)
	at org.junit.runners.ParentRunner$4.run(ParentRunner.java:331)
	at org.junit.runners.ParentRunner$1.schedule(ParentRunner.java:79)
	at org.junit.runners.ParentRunner.runChildren(ParentRunner.java:329)
	at org.junit.runners.ParentRunner.access$100(ParentRunner.java:66)
	at org.junit.runners.ParentRunner$2.evaluate(ParentRunner.java:293)
	at org.junit.runners.ParentRunner$3.evaluate(ParentRunner.java:306)
	at org.junit.runners.ParentRunner.run(ParentRunner.java:413)
	at org.junit.runners.Suite.runChild(Suite.java:128)
	at org.junit.runners.Suite.runChild(Suite.java:27)
	at org.junit.runners.ParentRunner$4.run(ParentRunner.java:331)
	at org.junit.runners.ParentRunner$1.schedule(ParentRunner.java:79)
	at org.junit.runners.ParentRunner.runChildren(ParentRunner.java:329)
	at org.junit.runners.ParentRunner.access$100(ParentRunner.java:66)
	at org.junit.runners.ParentRunner$2.evaluate(ParentRunner.java:293)
	at org.junit.runners.ParentRunner$3.evaluate(ParentRunner.java:306)
	at org.junit.runners.ParentRunner.run(ParentRunner.java:413)
	at org.junit.runner.JUnitCore.run(JUnitCore.java:137)
	at org.junit.runner.JUnitCore.run(JUnitCore.java:115)
	at org.junit.runner.JUnitCore.run(JUnitCore.java:105)
	at org.junit.runner.JUnitCore.runClasses(JUnitCore.java:62)
	at org.junit.runner.JUnitCore.runClasses(JUnitCore.java:49)
	at com.facebook.react.devsupport.AndroidArtMain.main(AndroidArtMain.java:18)
	at com.android.internal.os.RuntimeInit.nativeFinishInit(Native Method)
	at com.android.internal.os.RuntimeInit.main(RuntimeInit.java:262)
Caused by: java.lang.NoClassDefFoundError: Failed resolution of: Ljava/time/LocalDateTime;
	at org.assertj.core.presentation.StandardRepresentation.<clinit>(StandardRepresentation.java:113)
	at org.assertj.core.configuration.ConfigurationProvider.<init>(ConfigurationProvider.java:37)
	at org.assertj.core.configuration.ConfigurationProvider.<clinit>(ConfigurationProvider.java:32)
	at org.assertj.core.api.WritableAssertionInfo.<init>(WritableAssertionInfo.java:47)
	at org.assertj.core.api.AbstractAssert.<init>(AbstractAssert.java:104)
	at org.assertj.core.api.AbstractBooleanAssert.<init>(AbstractBooleanAssert.java:43)
	at org.assertj.core.api.BooleanAssert.<init>(BooleanAssert.java:33)
	at org.assertj.core.api.AssertionsForClassTypes.assertThat(AssertionsForClassTypes.java:171)
	at org.assertj.core.api.Assertions.assertThat(Assertions.java:326)
	at com.facebook.react.devsupport.AndroidNativeReaderTest$testSimpleCase$callback$1.onChunkComplete(AndroidNativeReaderTest.kt:46)
	at com.facebook.react.devsupport.AndroidNativeReader.emitChunk(AndroidNativeReader.kt:180)
	at com.facebook.react.devsupport.AndroidNativeReader.readAllParts(AndroidNativeReader.kt:110)
	at com.facebook.react.devsupport.AndroidNativeReaderTest.testSimpleCase(AndroidNativeReaderTest.kt:52)
	... 34 more
Caused by: java.lang.ClassNotFoundException: Didn't find class "java.time.LocalDateTime" on path: DexPathList[[dex file "/data/local/tmp/rn-multipart-comparison-fec597b/classes.dex"],nativeLibraryDirectories=[/system/lib64, /vendor/lib64, /system/lib64, /vendor/lib64]]
	at dalvik.system.BaseDexClassLoader.findClass(BaseDexClassLoader.java:56)
	at java.lang.ClassLoader.loadClass(ClassLoader.java:380)
	at java.lang.ClassLoader.loadClass(ClassLoader.java:312)
	... 47 more

java.lang.NoClassDefFoundError: org.assertj.core.configuration.ConfigurationProvider
	at org.assertj.core.api.WritableAssertionInfo.<init>(WritableAssertionInfo.java:47)
	at org.assertj.core.api.AbstractAssert.<init>(AbstractAssert.java:104)
	at org.assertj.core.api.AbstractObjectAssert.<init>(AbstractObjectAssert.java:61)
	at org.assertj.core.api.AbstractComparableAssert.<init>(AbstractComparableAssert.java:40)
	at org.assertj.core.api.AbstractIntegerAssert.<init>(AbstractIntegerAssert.java:48)
	at org.assertj.core.api.IntegerAssert.<init>(IntegerAssert.java:35)
	at org.assertj.core.api.AssertionsForClassTypes.assertThat(AssertionsForClassTypes.java:406)
	at org.assertj.core.api.Assertions.assertThat(Assertions.java:563)
	at com.facebook.react.devsupport.AndroidOptimizedReaderTest.testNoDelimiter(AndroidOptimizedReaderTest.kt:108)
	at java.lang.reflect.Method.invoke(Native Method)
	at org.junit.runners.model.FrameworkMethod$1.runReflectiveCall(FrameworkMethod.java:59)
	at org.junit.internal.runners.model.ReflectiveCallable.run(ReflectiveCallable.java:12)
	at org.junit.runners.model.FrameworkMethod.invokeExplosively(FrameworkMethod.java:56)
	at org.junit.internal.runners.statements.InvokeMethod.evaluate(InvokeMethod.java:17)
	at org.junit.runners.ParentRunner$3.evaluate(ParentRunner.java:306)
	at org.junit.runners.BlockJUnit4ClassRunner$1.evaluate(BlockJUnit4ClassRunner.java:100)
	at org.junit.runners.ParentRunner.runLeaf(ParentRunner.java:366)
	at org.junit.runners.BlockJUnit4ClassRunner.runChild(BlockJUnit4ClassRunner.java:103)
	at org.junit.runners.BlockJUnit4ClassRunner.runChild(BlockJUnit4ClassRunner.java:63)
	at org.junit.runners.ParentRunner$4.run(ParentRunner.java:331)
	at org.junit.runners.ParentRunner$1.schedule(ParentRunner.java:79)
	at org.junit.runners.ParentRunner.runChildren(ParentRunner.java:329)
	at org.junit.runners.ParentRunner.access$100(ParentRunner.java:66)
	at org.junit.runners.ParentRunner$2.evaluate(ParentRunner.java:293)
	at org.junit.runners.ParentRunner$3.evaluate(ParentRunner.java:306)
	at org.junit.runners.ParentRunner.run(ParentRunner.java:413)
	at org.junit.runners.Suite.runChild(Suite.java:128)
	at org.junit.runners.Suite.runChild(Suite.java:27)
	at org.junit.runners.ParentRunner$4.run(ParentRunner.java:331)
	at org.junit.runners.ParentRunner$1.schedule(ParentRunner.java:79)
	at org.junit.runners.ParentRunner.runChildren(ParentRunner.java:329)
	at org.junit.runners.ParentRunner.access$100(ParentRunner.java:66)
	at org.junit.runners.ParentRunner$2.evaluate(ParentRunner.java:293)
	at org.junit.runners.ParentRunner$3.evaluate(ParentRunner.java:306)
	at org.junit.runners.ParentRunner.run(ParentRunner.java:413)
	at org.junit.runner.JUnitCore.run(JUnitCore.java:137)
	at org.junit.runner.JUnitCore.run(JUnitCore.java:115)
	at org.junit.runner.JUnitCore.run(JUnitCore.java:105)
	at org.junit.runner.JUnitCore.runClasses(JUnitCore.java:62)
	at org.junit.runner.JUnitCore.runClasses(JUnitCore.java:49)
	at com.facebook.react.devsupport.AndroidArtMain.main(AndroidArtMain.java:18)
	at com.android.internal.os.RuntimeInit.nativeFinishInit(Native Method)
	at com.android.internal.os.RuntimeInit.main(RuntimeInit.java:262)
Caused by: java.lang.NoClassDefFoundError: Failed resolution of: Ljava/time/LocalDateTime;
	at org.assertj.core.presentation.StandardRepresentation.<clinit>(StandardRepresentation.java:113)
	at org.assertj.core.configuration.ConfigurationProvider.<init>(ConfigurationProvider.java:37)
	at org.assertj.core.configuration.ConfigurationProvider.<clinit>(ConfigurationProvider.java:32)
	at org.assertj.core.api.WritableAssertionInfo.<init>(WritableAssertionInfo.java:47)
	at org.assertj.core.api.AbstractAssert.<init>(AbstractAssert.java:104)
	at org.assertj.core.api.AbstractBooleanAssert.<init>(AbstractBooleanAssert.java:43)
	at org.assertj.core.api.BooleanAssert.<init>(BooleanAssert.java:33)
	at org.assertj.core.api.AssertionsForClassTypes.assertThat(AssertionsForClassTypes.java:171)
	at org.assertj.core.api.Assertions.assertThat(Assertions.java:326)
	at com.facebook.react.devsupport.AndroidNativeReaderTest$testSimpleCase$callback$1.onChunkComplete(AndroidNativeReaderTest.kt:46)
	at com.facebook.react.devsupport.AndroidNativeReader.emitChunk(AndroidNativeReader.kt:180)
	at com.facebook.react.devsupport.AndroidNativeReader.readAllParts(AndroidNativeReader.kt:110)
	at com.facebook.react.devsupport.AndroidNativeReaderTest.testSimpleCase(AndroidNativeReaderTest.kt:52)
	... 34 more
Caused by: java.lang.ClassNotFoundException: Didn't find class "java.time.LocalDateTime" on path: DexPathList[[dex file "/data/local/tmp/rn-multipart-comparison-fec597b/classes.dex"],nativeLibraryDirectories=[/system/lib64, /vendor/lib64, /system/lib64, /vendor/lib64]]
	at dalvik.system.BaseDexClassLoader.findClass(BaseDexClassLoader.java:56)
	at java.lang.ClassLoader.loadClass(ClassLoader.java:380)
	at java.lang.ClassLoader.loadClass(ClassLoader.java:312)
	... 47 more

java.lang.NoClassDefFoundError: org.assertj.core.configuration.ConfigurationProvider
	at org.assertj.core.api.WritableAssertionInfo.<init>(WritableAssertionInfo.java:47)
	at org.assertj.core.api.AbstractAssert.<init>(AbstractAssert.java:104)
	at org.assertj.core.api.AbstractCharSequenceAssert.<init>(AbstractCharSequenceAssert.java:53)
	at org.assertj.core.api.AbstractStringAssert.<init>(AbstractStringAssert.java:29)
	at org.assertj.core.api.StringAssert.<init>(StringAssert.java:25)
	at org.assertj.core.api.AssertionsForClassTypes.assertThat(AssertionsForClassTypes.java:585)
	at org.assertj.core.api.Assertions.assertThat(Assertions.java:2862)
	at com.facebook.react.devsupport.AndroidOptimizedReaderTest$testHeaderNamesAreCaseInsensitive$callback$1.onChunkComplete(AndroidOptimizedReaderTest.kt:205)
	at com.facebook.react.devsupport.AndroidOptimizedReader.emitChunk(AndroidOptimizedReader.kt:169)
	at com.facebook.react.devsupport.AndroidOptimizedReader.readAllParts(AndroidOptimizedReader.kt:110)
	at com.facebook.react.devsupport.AndroidOptimizedReaderTest.testHeaderNamesAreCaseInsensitive(AndroidOptimizedReaderTest.kt:211)
	at java.lang.reflect.Method.invoke(Native Method)
	at org.junit.runners.model.FrameworkMethod$1.runReflectiveCall(FrameworkMethod.java:59)
	at org.junit.internal.runners.model.ReflectiveCallable.run(ReflectiveCallable.java:12)
	at org.junit.runners.model.FrameworkMethod.invokeExplosively(FrameworkMethod.java:56)
	at org.junit.internal.runners.statements.InvokeMethod.evaluate(InvokeMethod.java:17)
	at org.junit.runners.ParentRunner$3.evaluate(ParentRunner.java:306)
	at org.junit.runners.BlockJUnit4ClassRunner$1.evaluate(BlockJUnit4ClassRunner.java:100)
	at org.junit.runners.ParentRunner.runLeaf(ParentRunner.java:366)
	at org.junit.runners.BlockJUnit4ClassRunner.runChild(BlockJUnit4ClassRunner.java:103)
	at org.junit.runners.BlockJUnit4ClassRunner.runChild(BlockJUnit4ClassRunner.java:63)
	at org.junit.runners.ParentRunner$4.run(ParentRunner.java:331)
	at org.junit.runners.ParentRunner$1.schedule(ParentRunner.java:79)
	at org.junit.runners.ParentRunner.runChildren(ParentRunner.java:329)
	at org.junit.runners.ParentRunner.access$100(ParentRunner.java:66)
	at org.junit.runners.ParentRunner$2.evaluate(ParentRunner.java:293)
	at org.junit.runners.ParentRunner$3.evaluate(ParentRunner.java:306)
	at org.junit.runners.ParentRunner.run(ParentRunner.java:413)
	at org.junit.runners.Suite.runChild(Suite.java:128)
	at org.junit.runners.Suite.runChild(Suite.java:27)
	at org.junit.runners.ParentRunner$4.run(ParentRunner.java:331)
	at org.junit.runners.ParentRunner$1.schedule(ParentRunner.java:79)
	at org.junit.runners.ParentRunner.runChildren(ParentRunner.java:329)
	at org.junit.runners.ParentRunner.access$100(ParentRunner.java:66)
	at org.junit.runners.ParentRunner$2.evaluate(ParentRunner.java:293)
	at org.junit.runners.ParentRunner$3.evaluate(ParentRunner.java:306)
	at org.junit.runners.ParentRunner.run(ParentRunner.java:413)
	at org.junit.runner.JUnitCore.run(JUnitCore.java:137)
	at org.junit.runner.JUnitCore.run(JUnitCore.java:115)
	at org.junit.runner.JUnitCore.run(JUnitCore.java:105)
	at org.junit.runner.JUnitCore.runClasses(JUnitCore.java:62)
	at org.junit.runner.JUnitCore.runClasses(JUnitCore.java:49)
	at com.facebook.react.devsupport.AndroidArtMain.main(AndroidArtMain.java:18)
	at com.android.internal.os.RuntimeInit.nativeFinishInit(Native Method)
	at com.android.internal.os.RuntimeInit.main(RuntimeInit.java:262)
Caused by: java.lang.NoClassDefFoundError: Failed resolution of: Ljava/time/LocalDateTime;
	at org.assertj.core.presentation.StandardRepresentation.<clinit>(StandardRepresentation.java:113)
	at org.assertj.core.configuration.ConfigurationProvider.<init>(ConfigurationProvider.java:37)
	at org.assertj.core.configuration.ConfigurationProvider.<clinit>(ConfigurationProvider.java:32)
	at org.assertj.core.api.WritableAssertionInfo.<init>(WritableAssertionInfo.java:47)
	at org.assertj.core.api.AbstractAssert.<init>(AbstractAssert.java:104)
	at org.assertj.core.api.AbstractBooleanAssert.<init>(AbstractBooleanAssert.java:43)
	at org.assertj.core.api.BooleanAssert.<init>(BooleanAssert.java:33)
	at org.assertj.core.api.AssertionsForClassTypes.assertThat(AssertionsForClassTypes.java:171)
	at org.assertj.core.api.Assertions.assertThat(Assertions.java:326)
	at com.facebook.react.devsupport.AndroidNativeReaderTest$testSimpleCase$callback$1.onChunkComplete(AndroidNativeReaderTest.kt:46)
	at com.facebook.react.devsupport.AndroidNativeReader.emitChunk(AndroidNativeReader.kt:180)
	at com.facebook.react.devsupport.AndroidNativeReader.readAllParts(AndroidNativeReader.kt:110)
	at com.facebook.react.devsupport.AndroidNativeReaderTest.testSimpleCase(AndroidNativeReaderTest.kt:52)
	... 34 more
Caused by: java.lang.ClassNotFoundException: Didn't find class "java.time.LocalDateTime" on path: DexPathList[[dex file "/data/local/tmp/rn-multipart-comparison-fec597b/classes.dex"],nativeLibraryDirectories=[/system/lib64, /vendor/lib64, /system/lib64, /vendor/lib64]]
	at dalvik.system.BaseDexClassLoader.findClass(BaseDexClassLoader.java:56)
	at java.lang.ClassLoader.loadClass(ClassLoader.java:380)
	at java.lang.ClassLoader.loadClass(ClassLoader.java:312)
	... 47 more

java.lang.NoClassDefFoundError: org.assertj.core.configuration.ConfigurationProvider
	at org.assertj.core.api.WritableAssertionInfo.<init>(WritableAssertionInfo.java:47)
	at org.assertj.core.api.AbstractAssert.<init>(AbstractAssert.java:104)
	at org.assertj.core.api.AbstractBooleanAssert.<init>(AbstractBooleanAssert.java:43)
	at org.assertj.core.api.BooleanAssert.<init>(BooleanAssert.java:33)
	at org.assertj.core.api.AssertionsForClassTypes.assertThat(AssertionsForClassTypes.java:171)
	at org.assertj.core.api.Assertions.assertThat(Assertions.java:326)
	at com.facebook.react.devsupport.AndroidOptimizedReaderTest$testMultipleParts$callback$1.onChunkComplete(AndroidOptimizedReaderTest.kt:86)
	at com.facebook.react.devsupport.AndroidOptimizedReader.emitChunk(AndroidOptimizedReader.kt:153)
	at com.facebook.react.devsupport.AndroidOptimizedReader.readAllParts(AndroidOptimizedReader.kt:110)
	at com.facebook.react.devsupport.AndroidOptimizedReaderTest.testMultipleParts(AndroidOptimizedReaderTest.kt:90)
	at java.lang.reflect.Method.invoke(Native Method)
	at org.junit.runners.model.FrameworkMethod$1.runReflectiveCall(FrameworkMethod.java:59)
	at org.junit.internal.runners.model.ReflectiveCallable.run(ReflectiveCallable.java:12)
	at org.junit.runners.model.FrameworkMethod.invokeExplosively(FrameworkMethod.java:56)
	at org.junit.internal.runners.statements.InvokeMethod.evaluate(InvokeMethod.java:17)
	at org.junit.runners.ParentRunner$3.evaluate(ParentRunner.java:306)
	at org.junit.runners.BlockJUnit4ClassRunner$1.evaluate(BlockJUnit4ClassRunner.java:100)
	at org.junit.runners.ParentRunner.runLeaf(ParentRunner.java:366)
	at org.junit.runners.BlockJUnit4ClassRunner.runChild(BlockJUnit4ClassRunner.java:103)
	at org.junit.runners.BlockJUnit4ClassRunner.runChild(BlockJUnit4ClassRunner.java:63)
	at org.junit.runners.ParentRunner$4.run(ParentRunner.java:331)
	at org.junit.runners.ParentRunner$1.schedule(ParentRunner.java:79)
	at org.junit.runners.ParentRunner.runChildren(ParentRunner.java:329)
	at org.junit.runners.ParentRunner.access$100(ParentRunner.java:66)
	at org.junit.runners.ParentRunner$2.evaluate(ParentRunner.java:293)
	at org.junit.runners.ParentRunner$3.evaluate(ParentRunner.java:306)
	at org.junit.runners.ParentRunner.run(ParentRunner.java:413)
	at org.junit.runners.Suite.runChild(Suite.java:128)
	at org.junit.runners.Suite.runChild(Suite.java:27)
	at org.junit.runners.ParentRunner$4.run(ParentRunner.java:331)
	at org.junit.runners.ParentRunner$1.schedule(ParentRunner.java:79)
	at org.junit.runners.ParentRunner.runChildren(ParentRunner.java:329)
	at org.junit.runners.ParentRunner.access$100(ParentRunner.java:66)
	at org.junit.runners.ParentRunner$2.evaluate(ParentRunner.java:293)
	at org.junit.runners.ParentRunner$3.evaluate(ParentRunner.java:306)
	at org.junit.runners.ParentRunner.run(ParentRunner.java:413)
	at org.junit.runner.JUnitCore.run(JUnitCore.java:137)
	at org.junit.runner.JUnitCore.run(JUnitCore.java:115)
	at org.junit.runner.JUnitCore.run(JUnitCore.java:105)
	at org.junit.runner.JUnitCore.runClasses(JUnitCore.java:62)
	at org.junit.runner.JUnitCore.runClasses(JUnitCore.java:49)
	at com.facebook.react.devsupport.AndroidArtMain.main(AndroidArtMain.java:18)
	at com.android.internal.os.RuntimeInit.nativeFinishInit(Native Method)
	at com.android.internal.os.RuntimeInit.main(RuntimeInit.java:262)
Caused by: java.lang.NoClassDefFoundError: Failed resolution of: Ljava/time/LocalDateTime;
	at org.assertj.core.presentation.StandardRepresentation.<clinit>(StandardRepresentation.java:113)
	at org.assertj.core.configuration.ConfigurationProvider.<init>(ConfigurationProvider.java:37)
	at org.assertj.core.configuration.ConfigurationProvider.<clinit>(ConfigurationProvider.java:32)
	at org.assertj.core.api.WritableAssertionInfo.<init>(WritableAssertionInfo.java:47)
	at org.assertj.core.api.AbstractAssert.<init>(AbstractAssert.java:104)
	at org.assertj.core.api.AbstractBooleanAssert.<init>(AbstractBooleanAssert.java:43)
	at org.assertj.core.api.BooleanAssert.<init>(BooleanAssert.java:33)
	at org.assertj.core.api.AssertionsForClassTypes.assertThat(AssertionsForClassTypes.java:171)
	at org.assertj.core.api.Assertions.assertThat(Assertions.java:326)
	at com.facebook.react.devsupport.AndroidNativeReaderTest$testSimpleCase$callback$1.onChunkComplete(AndroidNativeReaderTest.kt:46)
	at com.facebook.react.devsupport.AndroidNativeReader.emitChunk(AndroidNativeReader.kt:180)
	at com.facebook.react.devsupport.AndroidNativeReader.readAllParts(AndroidNativeReader.kt:110)
	at com.facebook.react.devsupport.AndroidNativeReaderTest.testSimpleCase(AndroidNativeReaderTest.kt:52)
	... 34 more
Caused by: java.lang.ClassNotFoundException: Didn't find class "java.time.LocalDateTime" on path: DexPathList[[dex file "/data/local/tmp/rn-multipart-comparison-fec597b/classes.dex"],nativeLibraryDirectories=[/system/lib64, /vendor/lib64, /system/lib64, /vendor/lib64]]
	at dalvik.system.BaseDexClassLoader.findClass(BaseDexClassLoader.java:56)
	at java.lang.ClassLoader.loadClass(ClassLoader.java:380)
	at java.lang.ClassLoader.loadClass(ClassLoader.java:312)
	... 47 more

java.lang.NoClassDefFoundError: org.assertj.core.configuration.ConfigurationProvider
	at org.assertj.core.api.WritableAssertionInfo.<init>(WritableAssertionInfo.java:47)
	at org.assertj.core.api.AbstractAssert.<init>(AbstractAssert.java:104)
	at org.assertj.core.api.AbstractBooleanAssert.<init>(AbstractBooleanAssert.java:43)
	at org.assertj.core.api.BooleanAssert.<init>(BooleanAssert.java:33)
	at org.assertj.core.api.AssertionsForClassTypes.assertThat(AssertionsForClassTypes.java:171)
	at org.assertj.core.api.Assertions.assertThat(Assertions.java:326)
	at com.facebook.react.devsupport.AndroidOptimizedReaderTest.testDelimitersAcrossEveryReadBoundary(AndroidOptimizedReaderTest.kt:248)
	at java.lang.reflect.Method.invoke(Native Method)
	at org.junit.runners.model.FrameworkMethod$1.runReflectiveCall(FrameworkMethod.java:59)
	at org.junit.internal.runners.model.ReflectiveCallable.run(ReflectiveCallable.java:12)
	at org.junit.runners.model.FrameworkMethod.invokeExplosively(FrameworkMethod.java:56)
	at org.junit.internal.runners.statements.InvokeMethod.evaluate(InvokeMethod.java:17)
	at org.junit.runners.ParentRunner$3.evaluate(ParentRunner.java:306)
	at org.junit.runners.BlockJUnit4ClassRunner$1.evaluate(BlockJUnit4ClassRunner.java:100)
	at org.junit.runners.ParentRunner.runLeaf(ParentRunner.java:366)
	at org.junit.runners.BlockJUnit4ClassRunner.runChild(BlockJUnit4ClassRunner.java:103)
	at org.junit.runners.BlockJUnit4ClassRunner.runChild(BlockJUnit4ClassRunner.java:63)
	at org.junit.runners.ParentRunner$4.run(ParentRunner.java:331)
	at org.junit.runners.ParentRunner$1.schedule(ParentRunner.java:79)
	at org.junit.runners.ParentRunner.runChildren(ParentRunner.java:329)
	at org.junit.runners.ParentRunner.access$100(ParentRunner.java:66)
	at org.junit.runners.ParentRunner$2.evaluate(ParentRunner.java:293)
	at org.junit.runners.ParentRunner$3.evaluate(ParentRunner.java:306)
	at org.junit.runners.ParentRunner.run(ParentRunner.java:413)
	at org.junit.runners.Suite.runChild(Suite.java:128)
	at org.junit.runners.Suite.runChild(Suite.java:27)
	at org.junit.runners.ParentRunner$4.run(ParentRunner.java:331)
	at org.junit.runners.ParentRunner$1.schedule(ParentRunner.java:79)
	at org.junit.runners.ParentRunner.runChildren(ParentRunner.java:329)
	at org.junit.runners.ParentRunner.access$100(ParentRunner.java:66)
	at org.junit.runners.ParentRunner$2.evaluate(ParentRunner.java:293)
	at org.junit.runners.ParentRunner$3.evaluate(ParentRunner.java:306)
	at org.junit.runners.ParentRunner.run(ParentRunner.java:413)
	at org.junit.runner.JUnitCore.run(JUnitCore.java:137)
	at org.junit.runner.JUnitCore.run(JUnitCore.java:115)
	at org.junit.runner.JUnitCore.run(JUnitCore.java:105)
	at org.junit.runner.JUnitCore.runClasses(JUnitCore.java:62)
	at org.junit.runner.JUnitCore.runClasses(JUnitCore.java:49)
	at com.facebook.react.devsupport.AndroidArtMain.main(AndroidArtMain.java:18)
	at com.android.internal.os.RuntimeInit.nativeFinishInit(Native Method)
	at com.android.internal.os.RuntimeInit.main(RuntimeInit.java:262)
Caused by: java.lang.NoClassDefFoundError: Failed resolution of: Ljava/time/LocalDateTime;
	at org.assertj.core.presentation.StandardRepresentation.<clinit>(StandardRepresentation.java:113)
	at org.assertj.core.configuration.ConfigurationProvider.<init>(ConfigurationProvider.java:37)
	at org.assertj.core.configuration.ConfigurationProvider.<clinit>(ConfigurationProvider.java:32)
	at org.assertj.core.api.WritableAssertionInfo.<init>(WritableAssertionInfo.java:47)
	at org.assertj.core.api.AbstractAssert.<init>(AbstractAssert.java:104)
	at org.assertj.core.api.AbstractBooleanAssert.<init>(AbstractBooleanAssert.java:43)
	at org.assertj.core.api.BooleanAssert.<init>(BooleanAssert.java:33)
	at org.assertj.core.api.AssertionsForClassTypes.assertThat(AssertionsForClassTypes.java:171)
	at org.assertj.core.api.Assertions.assertThat(Assertions.java:326)
	at com.facebook.react.devsupport.AndroidNativeReaderTest$testSimpleCase$callback$1.onChunkComplete(AndroidNativeReaderTest.kt:46)
	at com.facebook.react.devsupport.AndroidNativeReader.emitChunk(AndroidNativeReader.kt:180)
	at com.facebook.react.devsupport.AndroidNativeReader.readAllParts(AndroidNativeReader.kt:110)
	at com.facebook.react.devsupport.AndroidNativeReaderTest.testSimpleCase(AndroidNativeReaderTest.kt:52)
	... 34 more
Caused by: java.lang.ClassNotFoundException: Didn't find class "java.time.LocalDateTime" on path: DexPathList[[dex file "/data/local/tmp/rn-multipart-comparison-fec597b/classes.dex"],nativeLibraryDirectories=[/system/lib64, /vendor/lib64, /system/lib64, /vendor/lib64]]
	at dalvik.system.BaseDexClassLoader.findClass(BaseDexClassLoader.java:56)
	at java.lang.ClassLoader.loadClass(ClassLoader.java:380)
	at java.lang.ClassLoader.loadClass(ClassLoader.java:312)
	... 47 more

java.lang.NoClassDefFoundError: org.assertj.core.configuration.ConfigurationProvider
	at org.assertj.core.api.WritableAssertionInfo.<init>(WritableAssertionInfo.java:47)
	at org.assertj.core.api.AbstractAssert.<init>(AbstractAssert.java:104)
	at org.assertj.core.api.AbstractObjectAssert.<init>(AbstractObjectAssert.java:61)
	at org.assertj.core.api.AbstractComparableAssert.<init>(AbstractComparableAssert.java:40)
	at org.assertj.core.api.AbstractIntegerAssert.<init>(AbstractIntegerAssert.java:48)
	at org.assertj.core.api.IntegerAssert.<init>(IntegerAssert.java:35)
	at org.assertj.core.api.AssertionsForClassTypes.assertThat(AssertionsForClassTypes.java:406)
	at org.assertj.core.api.Assertions.assertThat(Assertions.java:563)
	at com.facebook.react.devsupport.AndroidOptimizedReaderTest.testNoCloseDelimiter(AndroidOptimizedReaderTest.kt:133)
	at java.lang.reflect.Method.invoke(Native Method)
	at org.junit.runners.model.FrameworkMethod$1.runReflectiveCall(FrameworkMethod.java:59)
	at org.junit.internal.runners.model.ReflectiveCallable.run(ReflectiveCallable.java:12)
	at org.junit.runners.model.FrameworkMethod.invokeExplosively(FrameworkMethod.java:56)
	at org.junit.internal.runners.statements.InvokeMethod.evaluate(InvokeMethod.java:17)
	at org.junit.runners.ParentRunner$3.evaluate(ParentRunner.java:306)
	at org.junit.runners.BlockJUnit4ClassRunner$1.evaluate(BlockJUnit4ClassRunner.java:100)
	at org.junit.runners.ParentRunner.runLeaf(ParentRunner.java:366)
	at org.junit.runners.BlockJUnit4ClassRunner.runChild(BlockJUnit4ClassRunner.java:103)
	at org.junit.runners.BlockJUnit4ClassRunner.runChild(BlockJUnit4ClassRunner.java:63)
	at org.junit.runners.ParentRunner$4.run(ParentRunner.java:331)
	at org.junit.runners.ParentRunner$1.schedule(ParentRunner.java:79)
	at org.junit.runners.ParentRunner.runChildren(ParentRunner.java:329)
	at org.junit.runners.ParentRunner.access$100(ParentRunner.java:66)
	at org.junit.runners.ParentRunner$2.evaluate(ParentRunner.java:293)
	at org.junit.runners.ParentRunner$3.evaluate(ParentRunner.java:306)
	at org.junit.runners.ParentRunner.run(ParentRunner.java:413)
	at org.junit.runners.Suite.runChild(Suite.java:128)
	at org.junit.runners.Suite.runChild(Suite.java:27)
	at org.junit.runners.ParentRunner$4.run(ParentRunner.java:331)
	at org.junit.runners.ParentRunner$1.schedule(ParentRunner.java:79)
	at org.junit.runners.ParentRunner.runChildren(ParentRunner.java:329)
	at org.junit.runners.ParentRunner.access$100(ParentRunner.java:66)
	at org.junit.runners.ParentRunner$2.evaluate(ParentRunner.java:293)
	at org.junit.runners.ParentRunner$3.evaluate(ParentRunner.java:306)
	at org.junit.runners.ParentRunner.run(ParentRunner.java:413)
	at org.junit.runner.JUnitCore.run(JUnitCore.java:137)
	at org.junit.runner.JUnitCore.run(JUnitCore.java:115)
	at org.junit.runner.JUnitCore.run(JUnitCore.java:105)
	at org.junit.runner.JUnitCore.runClasses(JUnitCore.java:62)
	at org.junit.runner.JUnitCore.runClasses(JUnitCore.java:49)
	at com.facebook.react.devsupport.AndroidArtMain.main(AndroidArtMain.java:18)
	at com.android.internal.os.RuntimeInit.nativeFinishInit(Native Method)
	at com.android.internal.os.RuntimeInit.main(RuntimeInit.java:262)
Caused by: java.lang.NoClassDefFoundError: Failed resolution of: Ljava/time/LocalDateTime;
	at org.assertj.core.presentation.StandardRepresentation.<clinit>(StandardRepresentation.java:113)
	at org.assertj.core.configuration.ConfigurationProvider.<init>(ConfigurationProvider.java:37)
	at org.assertj.core.configuration.ConfigurationProvider.<clinit>(ConfigurationProvider.java:32)
	at org.assertj.core.api.WritableAssertionInfo.<init>(WritableAssertionInfo.java:47)
	at org.assertj.core.api.AbstractAssert.<init>(AbstractAssert.java:104)
	at org.assertj.core.api.AbstractBooleanAssert.<init>(AbstractBooleanAssert.java:43)
	at org.assertj.core.api.BooleanAssert.<init>(BooleanAssert.java:33)
	at org.assertj.core.api.AssertionsForClassTypes.assertThat(AssertionsForClassTypes.java:171)
	at org.assertj.core.api.Assertions.assertThat(Assertions.java:326)
	at com.facebook.react.devsupport.AndroidNativeReaderTest$testSimpleCase$callback$1.onChunkComplete(AndroidNativeReaderTest.kt:46)
	at com.facebook.react.devsupport.AndroidNativeReader.emitChunk(AndroidNativeReader.kt:180)
	at com.facebook.react.devsupport.AndroidNativeReader.readAllParts(AndroidNativeReader.kt:110)
	at com.facebook.react.devsupport.AndroidNativeReaderTest.testSimpleCase(AndroidNativeReaderTest.kt:52)
	... 34 more
Caused by: java.lang.ClassNotFoundException: Didn't find class "java.time.LocalDateTime" on path: DexPathList[[dex file "/data/local/tmp/rn-multipart-comparison-fec597b/classes.dex"],nativeLibraryDirectories=[/system/lib64, /vendor/lib64, /system/lib64, /vendor/lib64]]
	at dalvik.system.BaseDexClassLoader.findClass(BaseDexClassLoader.java:56)
	at java.lang.ClassLoader.loadClass(ClassLoader.java:380)
	at java.lang.ClassLoader.loadClass(ClassLoader.java:312)
	... 47 more

java.lang.NoClassDefFoundError: org.assertj.core.configuration.ConfigurationProvider
	at org.assertj.core.api.WritableAssertionInfo.<init>(WritableAssertionInfo.java:47)
	at org.assertj.core.api.AbstractAssert.<init>(AbstractAssert.java:104)
	at org.assertj.core.api.AbstractObjectAssert.<init>(AbstractObjectAssert.java:61)
	at org.assertj.core.api.AbstractMapAssert.<init>(AbstractMapAssert.java:70)
	at org.assertj.core.api.MapAssert.<init>(MapAssert.java:32)
	at org.assertj.core.api.AssertionsForInterfaceTypes.assertThat(AssertionsForInterfaceTypes.java:328)
	at org.assertj.core.api.Assertions.assertThat(Assertions.java:3081)
	at com.facebook.react.devsupport.AndroidOptimizedReaderTest$testHeaderWhitespaceDuplicatesAndColonValues$1.onChunkComplete(AndroidOptimizedReaderTest.kt:272)
	at com.facebook.react.devsupport.AndroidOptimizedReader.emitChunk(AndroidOptimizedReader.kt:169)
	at com.facebook.react.devsupport.AndroidOptimizedReader.readAllParts(AndroidOptimizedReader.kt:110)
	at com.facebook.react.devsupport.AndroidOptimizedReaderTest.testHeaderWhitespaceDuplicatesAndColonValues(AndroidOptimizedReaderTest.kt:264)
	at java.lang.reflect.Method.invoke(Native Method)
	at org.junit.runners.model.FrameworkMethod$1.runReflectiveCall(FrameworkMethod.java:59)
	at org.junit.internal.runners.model.ReflectiveCallable.run(ReflectiveCallable.java:12)
	at org.junit.runners.model.FrameworkMethod.invokeExplosively(FrameworkMethod.java:56)
	at org.junit.internal.runners.statements.InvokeMethod.evaluate(InvokeMethod.java:17)
	at org.junit.runners.ParentRunner$3.evaluate(ParentRunner.java:306)
	at org.junit.runners.BlockJUnit4ClassRunner$1.evaluate(BlockJUnit4ClassRunner.java:100)
	at org.junit.runners.ParentRunner.runLeaf(ParentRunner.java:366)
	at org.junit.runners.BlockJUnit4ClassRunner.runChild(BlockJUnit4ClassRunner.java:103)
	at org.junit.runners.BlockJUnit4ClassRunner.runChild(BlockJUnit4ClassRunner.java:63)
	at org.junit.runners.ParentRunner$4.run(ParentRunner.java:331)
	at org.junit.runners.ParentRunner$1.schedule(ParentRunner.java:79)
	at org.junit.runners.ParentRunner.runChildren(ParentRunner.java:329)
	at org.junit.runners.ParentRunner.access$100(ParentRunner.java:66)
	at org.junit.runners.ParentRunner$2.evaluate(ParentRunner.java:293)
	at org.junit.runners.ParentRunner$3.evaluate(ParentRunner.java:306)
	at org.junit.runners.ParentRunner.run(ParentRunner.java:413)
	at org.junit.runners.Suite.runChild(Suite.java:128)
	at org.junit.runners.Suite.runChild(Suite.java:27)
	at org.junit.runners.ParentRunner$4.run(ParentRunner.java:331)
	at org.junit.runners.ParentRunner$1.schedule(ParentRunner.java:79)
	at org.junit.runners.ParentRunner.runChildren(ParentRunner.java:329)
	at org.junit.runners.ParentRunner.access$100(ParentRunner.java:66)
	at org.junit.runners.ParentRunner$2.evaluate(ParentRunner.java:293)
	at org.junit.runners.ParentRunner$3.evaluate(ParentRunner.java:306)
	at org.junit.runners.ParentRunner.run(ParentRunner.java:413)
	at org.junit.runner.JUnitCore.run(JUnitCore.java:137)
	at org.junit.runner.JUnitCore.run(JUnitCore.java:115)
	at org.junit.runner.JUnitCore.run(JUnitCore.java:105)
	at org.junit.runner.JUnitCore.runClasses(JUnitCore.java:62)
	at org.junit.runner.JUnitCore.runClasses(JUnitCore.java:49)
	at com.facebook.react.devsupport.AndroidArtMain.main(AndroidArtMain.java:18)
	at com.android.internal.os.RuntimeInit.nativeFinishInit(Native Method)
	at com.android.internal.os.RuntimeInit.main(RuntimeInit.java:262)
Caused by: java.lang.NoClassDefFoundError: Failed resolution of: Ljava/time/LocalDateTime;
	at org.assertj.core.presentation.StandardRepresentation.<clinit>(StandardRepresentation.java:113)
	at org.assertj.core.configuration.ConfigurationProvider.<init>(ConfigurationProvider.java:37)
	at org.assertj.core.configuration.ConfigurationProvider.<clinit>(ConfigurationProvider.java:32)
	at org.assertj.core.api.WritableAssertionInfo.<init>(WritableAssertionInfo.java:47)
	at org.assertj.core.api.AbstractAssert.<init>(AbstractAssert.java:104)
	at org.assertj.core.api.AbstractBooleanAssert.<init>(AbstractBooleanAssert.java:43)
	at org.assertj.core.api.BooleanAssert.<init>(BooleanAssert.java:33)
	at org.assertj.core.api.AssertionsForClassTypes.assertThat(AssertionsForClassTypes.java:171)
	at org.assertj.core.api.Assertions.assertThat(Assertions.java:326)
	at com.facebook.react.devsupport.AndroidNativeReaderTest$testSimpleCase$callback$1.onChunkComplete(AndroidNativeReaderTest.kt:46)
	at com.facebook.react.devsupport.AndroidNativeReader.emitChunk(AndroidNativeReader.kt:180)
	at com.facebook.react.devsupport.AndroidNativeReader.readAllParts(AndroidNativeReader.kt:110)
	at com.facebook.react.devsupport.AndroidNativeReaderTest.testSimpleCase(AndroidNativeReaderTest.kt:52)
	... 34 more
Caused by: java.lang.ClassNotFoundException: Didn't find class "java.time.LocalDateTime" on path: DexPathList[[dex file "/data/local/tmp/rn-multipart-comparison-fec597b/classes.dex"],nativeLibraryDirectories=[/system/lib64, /vendor/lib64, /system/lib64, /vendor/lib64]]
	at dalvik.system.BaseDexClassLoader.findClass(BaseDexClassLoader.java:56)
	at java.lang.ClassLoader.loadClass(ClassLoader.java:380)
	at java.lang.ClassLoader.loadClass(ClassLoader.java:312)
	... 47 more

java.lang.NoClassDefFoundError: org.assertj.core.configuration.ConfigurationProvider
	at org.assertj.core.api.WritableAssertionInfo.<init>(WritableAssertionInfo.java:47)
	at org.assertj.core.api.AbstractAssert.<init>(AbstractAssert.java:104)
	at org.assertj.core.api.AbstractBooleanAssert.<init>(AbstractBooleanAssert.java:43)
	at org.assertj.core.api.BooleanAssert.<init>(BooleanAssert.java:33)
	at org.assertj.core.api.AssertionsForClassTypes.assertThat(AssertionsForClassTypes.java:171)
	at org.assertj.core.api.Assertions.assertThat(Assertions.java:326)
	at com.facebook.react.devsupport.AndroidCppReaderTest$testSimpleCase$callback$1.onChunkComplete(AndroidCppReaderTest.kt:46)
	at com.facebook.react.devsupport.AndroidCppReader.emitChunk(AndroidCppReader.kt:163)
	at com.facebook.react.devsupport.AndroidCppReader.readAllParts(AndroidCppReader.kt:103)
	at com.facebook.react.devsupport.AndroidCppReaderTest.testSimpleCase(AndroidCppReaderTest.kt:52)
	at java.lang.reflect.Method.invoke(Native Method)
	at org.junit.runners.model.FrameworkMethod$1.runReflectiveCall(FrameworkMethod.java:59)
	at org.junit.internal.runners.model.ReflectiveCallable.run(ReflectiveCallable.java:12)
	at org.junit.runners.model.FrameworkMethod.invokeExplosively(FrameworkMethod.java:56)
	at org.junit.internal.runners.statements.InvokeMethod.evaluate(InvokeMethod.java:17)
	at org.junit.runners.ParentRunner$3.evaluate(ParentRunner.java:306)
	at org.junit.runners.BlockJUnit4ClassRunner$1.evaluate(BlockJUnit4ClassRunner.java:100)
	at org.junit.runners.ParentRunner.runLeaf(ParentRunner.java:366)
	at org.junit.runners.BlockJUnit4ClassRunner.runChild(BlockJUnit4ClassRunner.java:103)
	at org.junit.runners.BlockJUnit4ClassRunner.runChild(BlockJUnit4ClassRunner.java:63)
	at org.junit.runners.ParentRunner$4.run(ParentRunner.java:331)
	at org.junit.runners.ParentRunner$1.schedule(ParentRunner.java:79)
	at org.junit.runners.ParentRunner.runChildren(ParentRunner.java:329)
	at org.junit.runners.ParentRunner.access$100(ParentRunner.java:66)
	at org.junit.runners.ParentRunner$2.evaluate(ParentRunner.java:293)
	at org.junit.runners.ParentRunner$3.evaluate(ParentRunner.java:306)
	at org.junit.runners.ParentRunner.run(ParentRunner.java:413)
	at org.junit.runners.Suite.runChild(Suite.java:128)
	at org.junit.runners.Suite.runChild(Suite.java:27)
	at org.junit.runners.ParentRunner$4.run(ParentRunner.java:331)
	at org.junit.runners.ParentRunner$1.schedule(ParentRunner.java:79)
	at org.junit.runners.ParentRunner.runChildren(ParentRunner.java:329)
	at org.junit.runners.ParentRunner.access$100(ParentRunner.java:66)
	at org.junit.runners.ParentRunner$2.evaluate(ParentRunner.java:293)
	at org.junit.runners.ParentRunner$3.evaluate(ParentRunner.java:306)
	at org.junit.runners.ParentRunner.run(ParentRunner.java:413)
	at org.junit.runner.JUnitCore.run(JUnitCore.java:137)
	at org.junit.runner.JUnitCore.run(JUnitCore.java:115)
	at org.junit.runner.JUnitCore.run(JUnitCore.java:105)
	at org.junit.runner.JUnitCore.runClasses(JUnitCore.java:62)
	at org.junit.runner.JUnitCore.runClasses(JUnitCore.java:49)
	at com.facebook.react.devsupport.AndroidArtMain.main(AndroidArtMain.java:18)
	at com.android.internal.os.RuntimeInit.nativeFinishInit(Native Method)
	at com.android.internal.os.RuntimeInit.main(RuntimeInit.java:262)
Caused by: java.lang.NoClassDefFoundError: Failed resolution of: Ljava/time/LocalDateTime;
	at org.assertj.core.presentation.StandardRepresentation.<clinit>(StandardRepresentation.java:113)
	at org.assertj.core.configuration.ConfigurationProvider.<init>(ConfigurationProvider.java:37)
	at org.assertj.core.configuration.ConfigurationProvider.<clinit>(ConfigurationProvider.java:32)
	at org.assertj.core.api.WritableAssertionInfo.<init>(WritableAssertionInfo.java:47)
	at org.assertj.core.api.AbstractAssert.<init>(AbstractAssert.java:104)
	at org.assertj.core.api.AbstractBooleanAssert.<init>(AbstractBooleanAssert.java:43)
	at org.assertj.core.api.BooleanAssert.<init>(BooleanAssert.java:33)
	at org.assertj.core.api.AssertionsForClassTypes.assertThat(AssertionsForClassTypes.java:171)
	at org.assertj.core.api.Assertions.assertThat(Assertions.java:326)
	at com.facebook.react.devsupport.AndroidNativeReaderTest$testSimpleCase$callback$1.onChunkComplete(AndroidNativeReaderTest.kt:46)
	at com.facebook.react.devsupport.AndroidNativeReader.emitChunk(AndroidNativeReader.kt:180)
	at com.facebook.react.devsupport.AndroidNativeReader.readAllParts(AndroidNativeReader.kt:110)
	at com.facebook.react.devsupport.AndroidNativeReaderTest.testSimpleCase(AndroidNativeReaderTest.kt:52)
	... 34 more
Caused by: java.lang.ClassNotFoundException: Didn't find class "java.time.LocalDateTime" on path: DexPathList[[dex file "/data/local/tmp/rn-multipart-comparison-fec597b/classes.dex"],nativeLibraryDirectories=[/system/lib64, /vendor/lib64, /system/lib64, /vendor/lib64]]
	at dalvik.system.BaseDexClassLoader.findClass(BaseDexClassLoader.java:56)
	at java.lang.ClassLoader.loadClass(ClassLoader.java:380)
	at java.lang.ClassLoader.loadClass(ClassLoader.java:312)
	... 47 more

java.lang.NoClassDefFoundError: org.assertj.core.configuration.ConfigurationProvider
	at org.assertj.core.api.WritableAssertionInfo.<init>(WritableAssertionInfo.java:47)
	at org.assertj.core.api.AbstractAssert.<init>(AbstractAssert.java:104)
	at org.assertj.core.api.AbstractBooleanAssert.<init>(AbstractBooleanAssert.java:43)
	at org.assertj.core.api.BooleanAssert.<init>(BooleanAssert.java:33)
	at org.assertj.core.api.AssertionsForClassTypes.assertThat(AssertionsForClassTypes.java:171)
	at org.assertj.core.api.Assertions.assertThat(Assertions.java:326)
	at com.facebook.react.devsupport.AndroidCppReaderTest.testListenerDoesNotNeedToFullyReadBody(AndroidCppReaderTest.kt:177)
	at java.lang.reflect.Method.invoke(Native Method)
	at org.junit.runners.model.FrameworkMethod$1.runReflectiveCall(FrameworkMethod.java:59)
	at org.junit.internal.runners.model.ReflectiveCallable.run(ReflectiveCallable.java:12)
	at org.junit.runners.model.FrameworkMethod.invokeExplosively(FrameworkMethod.java:56)
	at org.junit.internal.runners.statements.InvokeMethod.evaluate(InvokeMethod.java:17)
	at org.junit.runners.ParentRunner$3.evaluate(ParentRunner.java:306)
	at org.junit.runners.BlockJUnit4ClassRunner$1.evaluate(BlockJUnit4ClassRunner.java:100)
	at org.junit.runners.ParentRunner.runLeaf(ParentRunner.java:366)
	at org.junit.runners.BlockJUnit4ClassRunner.runChild(BlockJUnit4ClassRunner.java:103)
	at org.junit.runners.BlockJUnit4ClassRunner.runChild(BlockJUnit4ClassRunner.java:63)
	at org.junit.runners.ParentRunner$4.run(ParentRunner.java:331)
	at org.junit.runners.ParentRunner$1.schedule(ParentRunner.java:79)
	at org.junit.runners.ParentRunner.runChildren(ParentRunner.java:329)
	at org.junit.runners.ParentRunner.access$100(ParentRunner.java:66)
	at org.junit.runners.ParentRunner$2.evaluate(ParentRunner.java:293)
	at org.junit.runners.ParentRunner$3.evaluate(ParentRunner.java:306)
	at org.junit.runners.ParentRunner.run(ParentRunner.java:413)
	at org.junit.runners.Suite.runChild(Suite.java:128)
	at org.junit.runners.Suite.runChild(Suite.java:27)
	at org.junit.runners.ParentRunner$4.run(ParentRunner.java:331)
	at org.junit.runners.ParentRunner$1.schedule(ParentRunner.java:79)
	at org.junit.runners.ParentRunner.runChildren(ParentRunner.java:329)
	at org.junit.runners.ParentRunner.access$100(ParentRunner.java:66)
	at org.junit.runners.ParentRunner$2.evaluate(ParentRunner.java:293)
	at org.junit.runners.ParentRunner$3.evaluate(ParentRunner.java:306)
	at org.junit.runners.ParentRunner.run(ParentRunner.java:413)
	at org.junit.runner.JUnitCore.run(JUnitCore.java:137)
	at org.junit.runner.JUnitCore.run(JUnitCore.java:115)
	at org.junit.runner.JUnitCore.run(JUnitCore.java:105)
	at org.junit.runner.JUnitCore.runClasses(JUnitCore.java:62)
	at org.junit.runner.JUnitCore.runClasses(JUnitCore.java:49)
	at com.facebook.react.devsupport.AndroidArtMain.main(AndroidArtMain.java:18)
	at com.android.internal.os.RuntimeInit.nativeFinishInit(Native Method)
	at com.android.internal.os.RuntimeInit.main(RuntimeInit.java:262)
Caused by: java.lang.NoClassDefFoundError: Failed resolution of: Ljava/time/LocalDateTime;
	at org.assertj.core.presentation.StandardRepresentation.<clinit>(StandardRepresentation.java:113)
	at org.assertj.core.configuration.ConfigurationProvider.<init>(ConfigurationProvider.java:37)
	at org.assertj.core.configuration.ConfigurationProvider.<clinit>(ConfigurationProvider.java:32)
	at org.assertj.core.api.WritableAssertionInfo.<init>(WritableAssertionInfo.java:47)
	at org.assertj.core.api.AbstractAssert.<init>(AbstractAssert.java:104)
	at org.assertj.core.api.AbstractBooleanAssert.<init>(AbstractBooleanAssert.java:43)
	at org.assertj.core.api.BooleanAssert.<init>(BooleanAssert.java:33)
	at org.assertj.core.api.AssertionsForClassTypes.assertThat(AssertionsForClassTypes.java:171)
	at org.assertj.core.api.Assertions.assertThat(Assertions.java:326)
	at com.facebook.react.devsupport.AndroidNativeReaderTest$testSimpleCase$callback$1.onChunkComplete(AndroidNativeReaderTest.kt:46)
	at com.facebook.react.devsupport.AndroidNativeReader.emitChunk(AndroidNativeReader.kt:180)
	at com.facebook.react.devsupport.AndroidNativeReader.readAllParts(AndroidNativeReader.kt:110)
	at com.facebook.react.devsupport.AndroidNativeReaderTest.testSimpleCase(AndroidNativeReaderTest.kt:52)
	... 34 more
Caused by: java.lang.ClassNotFoundException: Didn't find class "java.time.LocalDateTime" on path: DexPathList[[dex file "/data/local/tmp/rn-multipart-comparison-fec597b/classes.dex"],nativeLibraryDirectories=[/system/lib64, /vendor/lib64, /system/lib64, /vendor/lib64]]
	at dalvik.system.BaseDexClassLoader.findClass(BaseDexClassLoader.java:56)
	at java.lang.ClassLoader.loadClass(ClassLoader.java:380)
	at java.lang.ClassLoader.loadClass(ClassLoader.java:312)
	... 47 more

java.lang.NoClassDefFoundError: org.assertj.core.configuration.ConfigurationProvider
	at org.assertj.core.api.WritableAssertionInfo.<init>(WritableAssertionInfo.java:47)
	at org.assertj.core.api.AbstractAssert.<init>(AbstractAssert.java:104)
	at org.assertj.core.api.AbstractBooleanAssert.<init>(AbstractBooleanAssert.java:43)
	at org.assertj.core.api.BooleanAssert.<init>(BooleanAssert.java:33)
	at org.assertj.core.api.AssertionsForClassTypes.assertThat(AssertionsForClassTypes.java:171)
	at org.assertj.core.api.Assertions.assertThat(Assertions.java:326)
	at com.facebook.react.devsupport.AndroidCppReaderTest.testFinalProgressForFragmentedBody(AndroidCppReaderTest.kt:299)
	at java.lang.reflect.Method.invoke(Native Method)
	at org.junit.runners.model.FrameworkMethod$1.runReflectiveCall(FrameworkMethod.java:59)
	at org.junit.internal.runners.model.ReflectiveCallable.run(ReflectiveCallable.java:12)
	at org.junit.runners.model.FrameworkMethod.invokeExplosively(FrameworkMethod.java:56)
	at org.junit.internal.runners.statements.InvokeMethod.evaluate(InvokeMethod.java:17)
	at org.junit.runners.ParentRunner$3.evaluate(ParentRunner.java:306)
	at org.junit.runners.BlockJUnit4ClassRunner$1.evaluate(BlockJUnit4ClassRunner.java:100)
	at org.junit.runners.ParentRunner.runLeaf(ParentRunner.java:366)
	at org.junit.runners.BlockJUnit4ClassRunner.runChild(BlockJUnit4ClassRunner.java:103)
	at org.junit.runners.BlockJUnit4ClassRunner.runChild(BlockJUnit4ClassRunner.java:63)
	at org.junit.runners.ParentRunner$4.run(ParentRunner.java:331)
	at org.junit.runners.ParentRunner$1.schedule(ParentRunner.java:79)
	at org.junit.runners.ParentRunner.runChildren(ParentRunner.java:329)
	at org.junit.runners.ParentRunner.access$100(ParentRunner.java:66)
	at org.junit.runners.ParentRunner$2.evaluate(ParentRunner.java:293)
	at org.junit.runners.ParentRunner$3.evaluate(ParentRunner.java:306)
	at org.junit.runners.ParentRunner.run(ParentRunner.java:413)
	at org.junit.runners.Suite.runChild(Suite.java:128)
	at org.junit.runners.Suite.runChild(Suite.java:27)
	at org.junit.runners.ParentRunner$4.run(ParentRunner.java:331)
	at org.junit.runners.ParentRunner$1.schedule(ParentRunner.java:79)
	at org.junit.runners.ParentRunner.runChildren(ParentRunner.java:329)
	at org.junit.runners.ParentRunner.access$100(ParentRunner.java:66)
	at org.junit.runners.ParentRunner$2.evaluate(ParentRunner.java:293)
	at org.junit.runners.ParentRunner$3.evaluate(ParentRunner.java:306)
	at org.junit.runners.ParentRunner.run(ParentRunner.java:413)
	at org.junit.runner.JUnitCore.run(JUnitCore.java:137)
	at org.junit.runner.JUnitCore.run(JUnitCore.java:115)
	at org.junit.runner.JUnitCore.run(JUnitCore.java:105)
	at org.junit.runner.JUnitCore.runClasses(JUnitCore.java:62)
	at org.junit.runner.JUnitCore.runClasses(JUnitCore.java:49)
	at com.facebook.react.devsupport.AndroidArtMain.main(AndroidArtMain.java:18)
	at com.android.internal.os.RuntimeInit.nativeFinishInit(Native Method)
	at com.android.internal.os.RuntimeInit.main(RuntimeInit.java:262)
Caused by: java.lang.NoClassDefFoundError: Failed resolution of: Ljava/time/LocalDateTime;
	at org.assertj.core.presentation.StandardRepresentation.<clinit>(StandardRepresentation.java:113)
	at org.assertj.core.configuration.ConfigurationProvider.<init>(ConfigurationProvider.java:37)
	at org.assertj.core.configuration.ConfigurationProvider.<clinit>(ConfigurationProvider.java:32)
	at org.assertj.core.api.WritableAssertionInfo.<init>(WritableAssertionInfo.java:47)
	at org.assertj.core.api.AbstractAssert.<init>(AbstractAssert.java:104)
	at org.assertj.core.api.AbstractBooleanAssert.<init>(AbstractBooleanAssert.java:43)
	at org.assertj.core.api.BooleanAssert.<init>(BooleanAssert.java:33)
	at org.assertj.core.api.AssertionsForClassTypes.assertThat(AssertionsForClassTypes.java:171)
	at org.assertj.core.api.Assertions.assertThat(Assertions.java:326)
	at com.facebook.react.devsupport.AndroidNativeReaderTest$testSimpleCase$callback$1.onChunkComplete(AndroidNativeReaderTest.kt:46)
	at com.facebook.react.devsupport.AndroidNativeReader.emitChunk(AndroidNativeReader.kt:180)
	at com.facebook.react.devsupport.AndroidNativeReader.readAllParts(AndroidNativeReader.kt:110)
	at com.facebook.react.devsupport.AndroidNativeReaderTest.testSimpleCase(AndroidNativeReaderTest.kt:52)
	... 34 more
Caused by: java.lang.ClassNotFoundException: Didn't find class "java.time.LocalDateTime" on path: DexPathList[[dex file "/data/local/tmp/rn-multipart-comparison-fec597b/classes.dex"],nativeLibraryDirectories=[/system/lib64, /vendor/lib64, /system/lib64, /vendor/lib64]]
	at dalvik.system.BaseDexClassLoader.findClass(BaseDexClassLoader.java:56)
	at java.lang.ClassLoader.loadClass(ClassLoader.java:380)
	at java.lang.ClassLoader.loadClass(ClassLoader.java:312)
	... 47 more

java.lang.NoClassDefFoundError: org.assertj.core.configuration.ConfigurationProvider
	at org.assertj.core.api.WritableAssertionInfo.<init>(WritableAssertionInfo.java:47)
	at org.assertj.core.api.AbstractAssert.<init>(AbstractAssert.java:104)
	at org.assertj.core.api.AbstractObjectAssert.<init>(AbstractObjectAssert.java:61)
	at org.assertj.core.api.AbstractComparableAssert.<init>(AbstractComparableAssert.java:40)
	at org.assertj.core.api.AbstractIntegerAssert.<init>(AbstractIntegerAssert.java:48)
	at org.assertj.core.api.IntegerAssert.<init>(IntegerAssert.java:35)
	at org.assertj.core.api.AssertionsForClassTypes.assertThat(AssertionsForClassTypes.java:406)
	at org.assertj.core.api.Assertions.assertThat(Assertions.java:563)
	at com.facebook.react.devsupport.AndroidCppReaderTest.testNoDelimiter(AndroidCppReaderTest.kt:108)
	at java.lang.reflect.Method.invoke(Native Method)
	at org.junit.runners.model.FrameworkMethod$1.runReflectiveCall(FrameworkMethod.java:59)
	at org.junit.internal.runners.model.ReflectiveCallable.run(ReflectiveCallable.java:12)
	at org.junit.runners.model.FrameworkMethod.invokeExplosively(FrameworkMethod.java:56)
	at org.junit.internal.runners.statements.InvokeMethod.evaluate(InvokeMethod.java:17)
	at org.junit.runners.ParentRunner$3.evaluate(ParentRunner.java:306)
	at org.junit.runners.BlockJUnit4ClassRunner$1.evaluate(BlockJUnit4ClassRunner.java:100)
	at org.junit.runners.ParentRunner.runLeaf(ParentRunner.java:366)
	at org.junit.runners.BlockJUnit4ClassRunner.runChild(BlockJUnit4ClassRunner.java:103)
	at org.junit.runners.BlockJUnit4ClassRunner.runChild(BlockJUnit4ClassRunner.java:63)
	at org.junit.runners.ParentRunner$4.run(ParentRunner.java:331)
	at org.junit.runners.ParentRunner$1.schedule(ParentRunner.java:79)
	at org.junit.runners.ParentRunner.runChildren(ParentRunner.java:329)
	at org.junit.runners.ParentRunner.access$100(ParentRunner.java:66)
	at org.junit.runners.ParentRunner$2.evaluate(ParentRunner.java:293)
	at org.junit.runners.ParentRunner$3.evaluate(ParentRunner.java:306)
	at org.junit.runners.ParentRunner.run(ParentRunner.java:413)
	at org.junit.runners.Suite.runChild(Suite.java:128)
	at org.junit.runners.Suite.runChild(Suite.java:27)
	at org.junit.runners.ParentRunner$4.run(ParentRunner.java:331)
	at org.junit.runners.ParentRunner$1.schedule(ParentRunner.java:79)
	at org.junit.runners.ParentRunner.runChildren(ParentRunner.java:329)
	at org.junit.runners.ParentRunner.access$100(ParentRunner.java:66)
	at org.junit.runners.ParentRunner$2.evaluate(ParentRunner.java:293)
	at org.junit.runners.ParentRunner$3.evaluate(ParentRunner.java:306)
	at org.junit.runners.ParentRunner.run(ParentRunner.java:413)
	at org.junit.runner.JUnitCore.run(JUnitCore.java:137)
	at org.junit.runner.JUnitCore.run(JUnitCore.java:115)
	at org.junit.runner.JUnitCore.run(JUnitCore.java:105)
	at org.junit.runner.JUnitCore.runClasses(JUnitCore.java:62)
	at org.junit.runner.JUnitCore.runClasses(JUnitCore.java:49)
	at com.facebook.react.devsupport.AndroidArtMain.main(AndroidArtMain.java:18)
	at com.android.internal.os.RuntimeInit.nativeFinishInit(Native Method)
	at com.android.internal.os.RuntimeInit.main(RuntimeInit.java:262)
Caused by: java.lang.NoClassDefFoundError: Failed resolution of: Ljava/time/LocalDateTime;
	at org.assertj.core.presentation.StandardRepresentation.<clinit>(StandardRepresentation.java:113)
	at org.assertj.core.configuration.ConfigurationProvider.<init>(ConfigurationProvider.java:37)
	at org.assertj.core.configuration.ConfigurationProvider.<clinit>(ConfigurationProvider.java:32)
	at org.assertj.core.api.WritableAssertionInfo.<init>(WritableAssertionInfo.java:47)
	at org.assertj.core.api.AbstractAssert.<init>(AbstractAssert.java:104)
	at org.assertj.core.api.AbstractBooleanAssert.<init>(AbstractBooleanAssert.java:43)
	at org.assertj.core.api.BooleanAssert.<init>(BooleanAssert.java:33)
	at org.assertj.core.api.AssertionsForClassTypes.assertThat(AssertionsForClassTypes.java:171)
	at org.assertj.core.api.Assertions.assertThat(Assertions.java:326)
	at com.facebook.react.devsupport.AndroidNativeReaderTest$testSimpleCase$callback$1.onChunkComplete(AndroidNativeReaderTest.kt:46)
	at com.facebook.react.devsupport.AndroidNativeReader.emitChunk(AndroidNativeReader.kt:180)
	at com.facebook.react.devsupport.AndroidNativeReader.readAllParts(AndroidNativeReader.kt:110)
	at com.facebook.react.devsupport.AndroidNativeReaderTest.testSimpleCase(AndroidNativeReaderTest.kt:52)
	... 34 more
Caused by: java.lang.ClassNotFoundException: Didn't find class "java.time.LocalDateTime" on path: DexPathList[[dex file "/data/local/tmp/rn-multipart-comparison-fec597b/classes.dex"],nativeLibraryDirectories=[/system/lib64, /vendor/lib64, /system/lib64, /vendor/lib64]]
	at dalvik.system.BaseDexClassLoader.findClass(BaseDexClassLoader.java:56)
	at java.lang.ClassLoader.loadClass(ClassLoader.java:380)
	at java.lang.ClassLoader.loadClass(ClassLoader.java:312)
	... 47 more

java.lang.NoClassDefFoundError: org.assertj.core.configuration.ConfigurationProvider
	at org.assertj.core.api.WritableAssertionInfo.<init>(WritableAssertionInfo.java:47)
	at org.assertj.core.api.AbstractAssert.<init>(AbstractAssert.java:104)
	at org.assertj.core.api.AbstractCharSequenceAssert.<init>(AbstractCharSequenceAssert.java:53)
	at org.assertj.core.api.AbstractStringAssert.<init>(AbstractStringAssert.java:29)
	at org.assertj.core.api.StringAssert.<init>(StringAssert.java:25)
	at org.assertj.core.api.AssertionsForClassTypes.assertThat(AssertionsForClassTypes.java:585)
	at org.assertj.core.api.Assertions.assertThat(Assertions.java:2862)
	at com.facebook.react.devsupport.AndroidCppReaderTest$testHeaderNamesAreCaseInsensitive$callback$1.onChunkComplete(AndroidCppReaderTest.kt:205)
	at com.facebook.react.devsupport.AndroidCppReader.emitChunk(AndroidCppReader.kt:163)
	at com.facebook.react.devsupport.AndroidCppReader.readAllParts(AndroidCppReader.kt:103)
	at com.facebook.react.devsupport.AndroidCppReaderTest.testHeaderNamesAreCaseInsensitive(AndroidCppReaderTest.kt:211)
	at java.lang.reflect.Method.invoke(Native Method)
	at org.junit.runners.model.FrameworkMethod$1.runReflectiveCall(FrameworkMethod.java:59)
	at org.junit.internal.runners.model.ReflectiveCallable.run(ReflectiveCallable.java:12)
	at org.junit.runners.model.FrameworkMethod.invokeExplosively(FrameworkMethod.java:56)
	at org.junit.internal.runners.statements.InvokeMethod.evaluate(InvokeMethod.java:17)
	at org.junit.runners.ParentRunner$3.evaluate(ParentRunner.java:306)
	at org.junit.runners.BlockJUnit4ClassRunner$1.evaluate(BlockJUnit4ClassRunner.java:100)
	at org.junit.runners.ParentRunner.runLeaf(ParentRunner.java:366)
	at org.junit.runners.BlockJUnit4ClassRunner.runChild(BlockJUnit4ClassRunner.java:103)
	at org.junit.runners.BlockJUnit4ClassRunner.runChild(BlockJUnit4ClassRunner.java:63)
	at org.junit.runners.ParentRunner$4.run(ParentRunner.java:331)
	at org.junit.runners.ParentRunner$1.schedule(ParentRunner.java:79)
	at org.junit.runners.ParentRunner.runChildren(ParentRunner.java:329)
	at org.junit.runners.ParentRunner.access$100(ParentRunner.java:66)
	at org.junit.runners.ParentRunner$2.evaluate(ParentRunner.java:293)
	at org.junit.runners.ParentRunner$3.evaluate(ParentRunner.java:306)
	at org.junit.runners.ParentRunner.run(ParentRunner.java:413)
	at org.junit.runners.Suite.runChild(Suite.java:128)
	at org.junit.runners.Suite.runChild(Suite.java:27)
	at org.junit.runners.ParentRunner$4.run(ParentRunner.java:331)
	at org.junit.runners.ParentRunner$1.schedule(ParentRunner.java:79)
	at org.junit.runners.ParentRunner.runChildren(ParentRunner.java:329)
	at org.junit.runners.ParentRunner.access$100(ParentRunner.java:66)
	at org.junit.runners.ParentRunner$2.evaluate(ParentRunner.java:293)
	at org.junit.runners.ParentRunner$3.evaluate(ParentRunner.java:306)
	at org.junit.runners.ParentRunner.run(ParentRunner.java:413)
	at org.junit.runner.JUnitCore.run(JUnitCore.java:137)
	at org.junit.runner.JUnitCore.run(JUnitCore.java:115)
	at org.junit.runner.JUnitCore.run(JUnitCore.java:105)
	at org.junit.runner.JUnitCore.runClasses(JUnitCore.java:62)
	at org.junit.runner.JUnitCore.runClasses(JUnitCore.java:49)
	at com.facebook.react.devsupport.AndroidArtMain.main(AndroidArtMain.java:18)
	at com.android.internal.os.RuntimeInit.nativeFinishInit(Native Method)
	at com.android.internal.os.RuntimeInit.main(RuntimeInit.java:262)
Caused by: java.lang.NoClassDefFoundError: Failed resolution of: Ljava/time/LocalDateTime;
	at org.assertj.core.presentation.StandardRepresentation.<clinit>(StandardRepresentation.java:113)
	at org.assertj.core.configuration.ConfigurationProvider.<init>(ConfigurationProvider.java:37)
	at org.assertj.core.configuration.ConfigurationProvider.<clinit>(ConfigurationProvider.java:32)
	at org.assertj.core.api.WritableAssertionInfo.<init>(WritableAssertionInfo.java:47)
	at org.assertj.core.api.AbstractAssert.<init>(AbstractAssert.java:104)
	at org.assertj.core.api.AbstractBooleanAssert.<init>(AbstractBooleanAssert.java:43)
	at org.assertj.core.api.BooleanAssert.<init>(BooleanAssert.java:33)
	at org.assertj.core.api.AssertionsForClassTypes.assertThat(AssertionsForClassTypes.java:171)
	at org.assertj.core.api.Assertions.assertThat(Assertions.java:326)
	at com.facebook.react.devsupport.AndroidNativeReaderTest$testSimpleCase$callback$1.onChunkComplete(AndroidNativeReaderTest.kt:46)
	at com.facebook.react.devsupport.AndroidNativeReader.emitChunk(AndroidNativeReader.kt:180)
	at com.facebook.react.devsupport.AndroidNativeReader.readAllParts(AndroidNativeReader.kt:110)
	at com.facebook.react.devsupport.AndroidNativeReaderTest.testSimpleCase(AndroidNativeReaderTest.kt:52)
	... 34 more
Caused by: java.lang.ClassNotFoundException: Didn't find class "java.time.LocalDateTime" on path: DexPathList[[dex file "/data/local/tmp/rn-multipart-comparison-fec597b/classes.dex"],nativeLibraryDirectories=[/system/lib64, /vendor/lib64, /system/lib64, /vendor/lib64]]
	at dalvik.system.BaseDexClassLoader.findClass(BaseDexClassLoader.java:56)
	at java.lang.ClassLoader.loadClass(ClassLoader.java:380)
	at java.lang.ClassLoader.loadClass(ClassLoader.java:312)
	... 47 more

java.lang.NoClassDefFoundError: org.assertj.core.configuration.ConfigurationProvider
	at org.assertj.core.api.WritableAssertionInfo.<init>(WritableAssertionInfo.java:47)
	at org.assertj.core.api.AbstractAssert.<init>(AbstractAssert.java:104)
	at org.assertj.core.api.AbstractBooleanAssert.<init>(AbstractBooleanAssert.java:43)
	at org.assertj.core.api.BooleanAssert.<init>(BooleanAssert.java:33)
	at org.assertj.core.api.AssertionsForClassTypes.assertThat(AssertionsForClassTypes.java:171)
	at org.assertj.core.api.Assertions.assertThat(Assertions.java:326)
	at com.facebook.react.devsupport.AndroidCppReaderTest$testMultipleParts$callback$1.onChunkComplete(AndroidCppReaderTest.kt:86)
	at com.facebook.react.devsupport.AndroidCppReader.emitChunk(AndroidCppReader.kt:147)
	at com.facebook.react.devsupport.AndroidCppReader.readAllParts(AndroidCppReader.kt:103)
	at com.facebook.react.devsupport.AndroidCppReaderTest.testMultipleParts(AndroidCppReaderTest.kt:90)
	at java.lang.reflect.Method.invoke(Native Method)
	at org.junit.runners.model.FrameworkMethod$1.runReflectiveCall(FrameworkMethod.java:59)
	at org.junit.internal.runners.model.ReflectiveCallable.run(ReflectiveCallable.java:12)
	at org.junit.runners.model.FrameworkMethod.invokeExplosively(FrameworkMethod.java:56)
	at org.junit.internal.runners.statements.InvokeMethod.evaluate(InvokeMethod.java:17)
	at org.junit.runners.ParentRunner$3.evaluate(ParentRunner.java:306)
	at org.junit.runners.BlockJUnit4ClassRunner$1.evaluate(BlockJUnit4ClassRunner.java:100)
	at org.junit.runners.ParentRunner.runLeaf(ParentRunner.java:366)
	at org.junit.runners.BlockJUnit4ClassRunner.runChild(BlockJUnit4ClassRunner.java:103)
	at org.junit.runners.BlockJUnit4ClassRunner.runChild(BlockJUnit4ClassRunner.java:63)
	at org.junit.runners.ParentRunner$4.run(ParentRunner.java:331)
	at org.junit.runners.ParentRunner$1.schedule(ParentRunner.java:79)
	at org.junit.runners.ParentRunner.runChildren(ParentRunner.java:329)
	at org.junit.runners.ParentRunner.access$100(ParentRunner.java:66)
	at org.junit.runners.ParentRunner$2.evaluate(ParentRunner.java:293)
	at org.junit.runners.ParentRunner$3.evaluate(ParentRunner.java:306)
	at org.junit.runners.ParentRunner.run(ParentRunner.java:413)
	at org.junit.runners.Suite.runChild(Suite.java:128)
	at org.junit.runners.Suite.runChild(Suite.java:27)
	at org.junit.runners.ParentRunner$4.run(ParentRunner.java:331)
	at org.junit.runners.ParentRunner$1.schedule(ParentRunner.java:79)
	at org.junit.runners.ParentRunner.runChildren(ParentRunner.java:329)
	at org.junit.runners.ParentRunner.access$100(ParentRunner.java:66)
	at org.junit.runners.ParentRunner$2.evaluate(ParentRunner.java:293)
	at org.junit.runners.ParentRunner$3.evaluate(ParentRunner.java:306)
	at org.junit.runners.ParentRunner.run(ParentRunner.java:413)
	at org.junit.runner.JUnitCore.run(JUnitCore.java:137)
	at org.junit.runner.JUnitCore.run(JUnitCore.java:115)
	at org.junit.runner.JUnitCore.run(JUnitCore.java:105)
	at org.junit.runner.JUnitCore.runClasses(JUnitCore.java:62)
	at org.junit.runner.JUnitCore.runClasses(JUnitCore.java:49)
	at com.facebook.react.devsupport.AndroidArtMain.main(AndroidArtMain.java:18)
	at com.android.internal.os.RuntimeInit.nativeFinishInit(Native Method)
	at com.android.internal.os.RuntimeInit.main(RuntimeInit.java:262)
Caused by: java.lang.NoClassDefFoundError: Failed resolution of: Ljava/time/LocalDateTime;
	at org.assertj.core.presentation.StandardRepresentation.<clinit>(StandardRepresentation.java:113)
	at org.assertj.core.configuration.ConfigurationProvider.<init>(ConfigurationProvider.java:37)
	at org.assertj.core.configuration.ConfigurationProvider.<clinit>(ConfigurationProvider.java:32)
	at org.assertj.core.api.WritableAssertionInfo.<init>(WritableAssertionInfo.java:47)
	at org.assertj.core.api.AbstractAssert.<init>(AbstractAssert.java:104)
	at org.assertj.core.api.AbstractBooleanAssert.<init>(AbstractBooleanAssert.java:43)
	at org.assertj.core.api.BooleanAssert.<init>(BooleanAssert.java:33)
	at org.assertj.core.api.AssertionsForClassTypes.assertThat(AssertionsForClassTypes.java:171)
	at org.assertj.core.api.Assertions.assertThat(Assertions.java:326)
	at com.facebook.react.devsupport.AndroidNativeReaderTest$testSimpleCase$callback$1.onChunkComplete(AndroidNativeReaderTest.kt:46)
	at com.facebook.react.devsupport.AndroidNativeReader.emitChunk(AndroidNativeReader.kt:180)
	at com.facebook.react.devsupport.AndroidNativeReader.readAllParts(AndroidNativeReader.kt:110)
	at com.facebook.react.devsupport.AndroidNativeReaderTest.testSimpleCase(AndroidNativeReaderTest.kt:52)
	... 34 more
Caused by: java.lang.ClassNotFoundException: Didn't find class "java.time.LocalDateTime" on path: DexPathList[[dex file "/data/local/tmp/rn-multipart-comparison-fec597b/classes.dex"],nativeLibraryDirectories=[/system/lib64, /vendor/lib64, /system/lib64, /vendor/lib64]]
	at dalvik.system.BaseDexClassLoader.findClass(BaseDexClassLoader.java:56)
	at java.lang.ClassLoader.loadClass(ClassLoader.java:380)
	at java.lang.ClassLoader.loadClass(ClassLoader.java:312)
	... 47 more

java.lang.NoClassDefFoundError: org.assertj.core.configuration.ConfigurationProvider
	at org.assertj.core.api.WritableAssertionInfo.<init>(WritableAssertionInfo.java:47)
	at org.assertj.core.api.AbstractAssert.<init>(AbstractAssert.java:104)
	at org.assertj.core.api.AbstractBooleanAssert.<init>(AbstractBooleanAssert.java:43)
	at org.assertj.core.api.BooleanAssert.<init>(BooleanAssert.java:33)
	at org.assertj.core.api.AssertionsForClassTypes.assertThat(AssertionsForClassTypes.java:171)
	at org.assertj.core.api.Assertions.assertThat(Assertions.java:326)
	at com.facebook.react.devsupport.AndroidCppReaderTest.testDelimitersAcrossEveryReadBoundary(AndroidCppReaderTest.kt:248)
	at java.lang.reflect.Method.invoke(Native Method)
	at org.junit.runners.model.FrameworkMethod$1.runReflectiveCall(FrameworkMethod.java:59)
	at org.junit.internal.runners.model.ReflectiveCallable.run(ReflectiveCallable.java:12)
	at org.junit.runners.model.FrameworkMethod.invokeExplosively(FrameworkMethod.java:56)
	at org.junit.internal.runners.statements.InvokeMethod.evaluate(InvokeMethod.java:17)
	at org.junit.runners.ParentRunner$3.evaluate(ParentRunner.java:306)
	at org.junit.runners.BlockJUnit4ClassRunner$1.evaluate(BlockJUnit4ClassRunner.java:100)
	at org.junit.runners.ParentRunner.runLeaf(ParentRunner.java:366)
	at org.junit.runners.BlockJUnit4ClassRunner.runChild(BlockJUnit4ClassRunner.java:103)
	at org.junit.runners.BlockJUnit4ClassRunner.runChild(BlockJUnit4ClassRunner.java:63)
	at org.junit.runners.ParentRunner$4.run(ParentRunner.java:331)
	at org.junit.runners.ParentRunner$1.schedule(ParentRunner.java:79)
	at org.junit.runners.ParentRunner.runChildren(ParentRunner.java:329)
	at org.junit.runners.ParentRunner.access$100(ParentRunner.java:66)
	at org.junit.runners.ParentRunner$2.evaluate(ParentRunner.java:293)
	at org.junit.runners.ParentRunner$3.evaluate(ParentRunner.java:306)
	at org.junit.runners.ParentRunner.run(ParentRunner.java:413)
	at org.junit.runners.Suite.runChild(Suite.java:128)
	at org.junit.runners.Suite.runChild(Suite.java:27)
	at org.junit.runners.ParentRunner$4.run(ParentRunner.java:331)
	at org.junit.runners.ParentRunner$1.schedule(ParentRunner.java:79)
	at org.junit.runners.ParentRunner.runChildren(ParentRunner.java:329)
	at org.junit.runners.ParentRunner.access$100(ParentRunner.java:66)
	at org.junit.runners.ParentRunner$2.evaluate(ParentRunner.java:293)
	at org.junit.runners.ParentRunner$3.evaluate(ParentRunner.java:306)
	at org.junit.runners.ParentRunner.run(ParentRunner.java:413)
	at org.junit.runner.JUnitCore.run(JUnitCore.java:137)
	at org.junit.runner.JUnitCore.run(JUnitCore.java:115)
	at org.junit.runner.JUnitCore.run(JUnitCore.java:105)
	at org.junit.runner.JUnitCore.runClasses(JUnitCore.java:62)
	at org.junit.runner.JUnitCore.runClasses(JUnitCore.java:49)
	at com.facebook.react.devsupport.AndroidArtMain.main(AndroidArtMain.java:18)
	at com.android.internal.os.RuntimeInit.nativeFinishInit(Native Method)
	at com.android.internal.os.RuntimeInit.main(RuntimeInit.java:262)
Caused by: java.lang.NoClassDefFoundError: Failed resolution of: Ljava/time/LocalDateTime;
	at org.assertj.core.presentation.StandardRepresentation.<clinit>(StandardRepresentation.java:113)
	at org.assertj.core.configuration.ConfigurationProvider.<init>(ConfigurationProvider.java:37)
	at org.assertj.core.configuration.ConfigurationProvider.<clinit>(ConfigurationProvider.java:32)
	at org.assertj.core.api.WritableAssertionInfo.<init>(WritableAssertionInfo.java:47)
	at org.assertj.core.api.AbstractAssert.<init>(AbstractAssert.java:104)
	at org.assertj.core.api.AbstractBooleanAssert.<init>(AbstractBooleanAssert.java:43)
	at org.assertj.core.api.BooleanAssert.<init>(BooleanAssert.java:33)
	at org.assertj.core.api.AssertionsForClassTypes.assertThat(AssertionsForClassTypes.java:171)
	at org.assertj.core.api.Assertions.assertThat(Assertions.java:326)
	at com.facebook.react.devsupport.AndroidNativeReaderTest$testSimpleCase$callback$1.onChunkComplete(AndroidNativeReaderTest.kt:46)
	at com.facebook.react.devsupport.AndroidNativeReader.emitChunk(AndroidNativeReader.kt:180)
	at com.facebook.react.devsupport.AndroidNativeReader.readAllParts(AndroidNativeReader.kt:110)
	at com.facebook.react.devsupport.AndroidNativeReaderTest.testSimpleCase(AndroidNativeReaderTest.kt:52)
	... 34 more
Caused by: java.lang.ClassNotFoundException: Didn't find class "java.time.LocalDateTime" on path: DexPathList[[dex file "/data/local/tmp/rn-multipart-comparison-fec597b/classes.dex"],nativeLibraryDirectories=[/system/lib64, /vendor/lib64, /system/lib64, /vendor/lib64]]
	at dalvik.system.BaseDexClassLoader.findClass(BaseDexClassLoader.java:56)
	at java.lang.ClassLoader.loadClass(ClassLoader.java:380)
	at java.lang.ClassLoader.loadClass(ClassLoader.java:312)
	... 47 more

java.lang.NoClassDefFoundError: org.assertj.core.configuration.ConfigurationProvider
	at org.assertj.core.api.WritableAssertionInfo.<init>(WritableAssertionInfo.java:47)
	at org.assertj.core.api.AbstractAssert.<init>(AbstractAssert.java:104)
	at org.assertj.core.api.AbstractObjectAssert.<init>(AbstractObjectAssert.java:61)
	at org.assertj.core.api.AbstractComparableAssert.<init>(AbstractComparableAssert.java:40)
	at org.assertj.core.api.AbstractIntegerAssert.<init>(AbstractIntegerAssert.java:48)
	at org.assertj.core.api.IntegerAssert.<init>(IntegerAssert.java:35)
	at org.assertj.core.api.AssertionsForClassTypes.assertThat(AssertionsForClassTypes.java:406)
	at org.assertj.core.api.Assertions.assertThat(Assertions.java:563)
	at com.facebook.react.devsupport.AndroidCppReaderTest.testNoCloseDelimiter(AndroidCppReaderTest.kt:133)
	at java.lang.reflect.Method.invoke(Native Method)
	at org.junit.runners.model.FrameworkMethod$1.runReflectiveCall(FrameworkMethod.java:59)
	at org.junit.internal.runners.model.ReflectiveCallable.run(ReflectiveCallable.java:12)
	at org.junit.runners.model.FrameworkMethod.invokeExplosively(FrameworkMethod.java:56)
	at org.junit.internal.runners.statements.InvokeMethod.evaluate(InvokeMethod.java:17)
	at org.junit.runners.ParentRunner$3.evaluate(ParentRunner.java:306)
	at org.junit.runners.BlockJUnit4ClassRunner$1.evaluate(BlockJUnit4ClassRunner.java:100)
	at org.junit.runners.ParentRunner.runLeaf(ParentRunner.java:366)
	at org.junit.runners.BlockJUnit4ClassRunner.runChild(BlockJUnit4ClassRunner.java:103)
	at org.junit.runners.BlockJUnit4ClassRunner.runChild(BlockJUnit4ClassRunner.java:63)
	at org.junit.runners.ParentRunner$4.run(ParentRunner.java:331)
	at org.junit.runners.ParentRunner$1.schedule(ParentRunner.java:79)
	at org.junit.runners.ParentRunner.runChildren(ParentRunner.java:329)
	at org.junit.runners.ParentRunner.access$100(ParentRunner.java:66)
	at org.junit.runners.ParentRunner$2.evaluate(ParentRunner.java:293)
	at org.junit.runners.ParentRunner$3.evaluate(ParentRunner.java:306)
	at org.junit.runners.ParentRunner.run(ParentRunner.java:413)
	at org.junit.runners.Suite.runChild(Suite.java:128)
	at org.junit.runners.Suite.runChild(Suite.java:27)
	at org.junit.runners.ParentRunner$4.run(ParentRunner.java:331)
	at org.junit.runners.ParentRunner$1.schedule(ParentRunner.java:79)
	at org.junit.runners.ParentRunner.runChildren(ParentRunner.java:329)
	at org.junit.runners.ParentRunner.access$100(ParentRunner.java:66)
	at org.junit.runners.ParentRunner$2.evaluate(ParentRunner.java:293)
	at org.junit.runners.ParentRunner$3.evaluate(ParentRunner.java:306)
	at org.junit.runners.ParentRunner.run(ParentRunner.java:413)
	at org.junit.runner.JUnitCore.run(JUnitCore.java:137)
	at org.junit.runner.JUnitCore.run(JUnitCore.java:115)
	at org.junit.runner.JUnitCore.run(JUnitCore.java:105)
	at org.junit.runner.JUnitCore.runClasses(JUnitCore.java:62)
	at org.junit.runner.JUnitCore.runClasses(JUnitCore.java:49)
	at com.facebook.react.devsupport.AndroidArtMain.main(AndroidArtMain.java:18)
	at com.android.internal.os.RuntimeInit.nativeFinishInit(Native Method)
	at com.android.internal.os.RuntimeInit.main(RuntimeInit.java:262)
Caused by: java.lang.NoClassDefFoundError: Failed resolution of: Ljava/time/LocalDateTime;
	at org.assertj.core.presentation.StandardRepresentation.<clinit>(StandardRepresentation.java:113)
	at org.assertj.core.configuration.ConfigurationProvider.<init>(ConfigurationProvider.java:37)
	at org.assertj.core.configuration.ConfigurationProvider.<clinit>(ConfigurationProvider.java:32)
	at org.assertj.core.api.WritableAssertionInfo.<init>(WritableAssertionInfo.java:47)
	at org.assertj.core.api.AbstractAssert.<init>(AbstractAssert.java:104)
	at org.assertj.core.api.AbstractBooleanAssert.<init>(AbstractBooleanAssert.java:43)
	at org.assertj.core.api.BooleanAssert.<init>(BooleanAssert.java:33)
	at org.assertj.core.api.AssertionsForClassTypes.assertThat(AssertionsForClassTypes.java:171)
	at org.assertj.core.api.Assertions.assertThat(Assertions.java:326)
	at com.facebook.react.devsupport.AndroidNativeReaderTest$testSimpleCase$callback$1.onChunkComplete(AndroidNativeReaderTest.kt:46)
	at com.facebook.react.devsupport.AndroidNativeReader.emitChunk(AndroidNativeReader.kt:180)
	at com.facebook.react.devsupport.AndroidNativeReader.readAllParts(AndroidNativeReader.kt:110)
	at com.facebook.react.devsupport.AndroidNativeReaderTest.testSimpleCase(AndroidNativeReaderTest.kt:52)
	... 34 more
Caused by: java.lang.ClassNotFoundException: Didn't find class "java.time.LocalDateTime" on path: DexPathList[[dex file "/data/local/tmp/rn-multipart-comparison-fec597b/classes.dex"],nativeLibraryDirectories=[/system/lib64, /vendor/lib64, /system/lib64, /vendor/lib64]]
	at dalvik.system.BaseDexClassLoader.findClass(BaseDexClassLoader.java:56)
	at java.lang.ClassLoader.loadClass(ClassLoader.java:380)
	at java.lang.ClassLoader.loadClass(ClassLoader.java:312)
	... 47 more

java.lang.NoClassDefFoundError: org.assertj.core.configuration.ConfigurationProvider
	at org.assertj.core.api.WritableAssertionInfo.<init>(WritableAssertionInfo.java:47)
	at org.assertj.core.api.AbstractAssert.<init>(AbstractAssert.java:104)
	at org.assertj.core.api.AbstractObjectAssert.<init>(AbstractObjectAssert.java:61)
	at org.assertj.core.api.AbstractMapAssert.<init>(AbstractMapAssert.java:70)
	at org.assertj.core.api.MapAssert.<init>(MapAssert.java:32)
	at org.assertj.core.api.AssertionsForInterfaceTypes.assertThat(AssertionsForInterfaceTypes.java:328)
	at org.assertj.core.api.Assertions.assertThat(Assertions.java:3081)
	at com.facebook.react.devsupport.AndroidCppReaderTest$testHeaderWhitespaceDuplicatesAndColonValues$1.onChunkComplete(AndroidCppReaderTest.kt:272)
	at com.facebook.react.devsupport.AndroidCppReader.emitChunk(AndroidCppReader.kt:163)
	at com.facebook.react.devsupport.AndroidCppReader.readAllParts(AndroidCppReader.kt:103)
	at com.facebook.react.devsupport.AndroidCppReaderTest.testHeaderWhitespaceDuplicatesAndColonValues(AndroidCppReaderTest.kt:264)
	at java.lang.reflect.Method.invoke(Native Method)
	at org.junit.runners.model.FrameworkMethod$1.runReflectiveCall(FrameworkMethod.java:59)
	at org.junit.internal.runners.model.ReflectiveCallable.run(ReflectiveCallable.java:12)
	at org.junit.runners.model.FrameworkMethod.invokeExplosively(FrameworkMethod.java:56)
	at org.junit.internal.runners.statements.InvokeMethod.evaluate(InvokeMethod.java:17)
	at org.junit.runners.ParentRunner$3.evaluate(ParentRunner.java:306)
	at org.junit.runners.BlockJUnit4ClassRunner$1.evaluate(BlockJUnit4ClassRunner.java:100)
	at org.junit.runners.ParentRunner.runLeaf(ParentRunner.java:366)
	at org.junit.runners.BlockJUnit4ClassRunner.runChild(BlockJUnit4ClassRunner.java:103)
	at org.junit.runners.BlockJUnit4ClassRunner.runChild(BlockJUnit4ClassRunner.java:63)
	at org.junit.runners.ParentRunner$4.run(ParentRunner.java:331)
	at org.junit.runners.ParentRunner$1.schedule(ParentRunner.java:79)
	at org.junit.runners.ParentRunner.runChildren(ParentRunner.java:329)
	at org.junit.runners.ParentRunner.access$100(ParentRunner.java:66)
	at org.junit.runners.ParentRunner$2.evaluate(ParentRunner.java:293)
	at org.junit.runners.ParentRunner$3.evaluate(ParentRunner.java:306)
	at org.junit.runners.ParentRunner.run(ParentRunner.java:413)
	at org.junit.runners.Suite.runChild(Suite.java:128)
	at org.junit.runners.Suite.runChild(Suite.java:27)
	at org.junit.runners.ParentRunner$4.run(ParentRunner.java:331)
	at org.junit.runners.ParentRunner$1.schedule(ParentRunner.java:79)
	at org.junit.runners.ParentRunner.runChildren(ParentRunner.java:329)
	at org.junit.runners.ParentRunner.access$100(ParentRunner.java:66)
	at org.junit.runners.ParentRunner$2.evaluate(ParentRunner.java:293)
	at org.junit.runners.ParentRunner$3.evaluate(ParentRunner.java:306)
	at org.junit.runners.ParentRunner.run(ParentRunner.java:413)
	at org.junit.runner.JUnitCore.run(JUnitCore.java:137)
	at org.junit.runner.JUnitCore.run(JUnitCore.java:115)
	at org.junit.runner.JUnitCore.run(JUnitCore.java:105)
	at org.junit.runner.JUnitCore.runClasses(JUnitCore.java:62)
	at org.junit.runner.JUnitCore.runClasses(JUnitCore.java:49)
	at com.facebook.react.devsupport.AndroidArtMain.main(AndroidArtMain.java:18)
	at com.android.internal.os.RuntimeInit.nativeFinishInit(Native Method)
	at com.android.internal.os.RuntimeInit.main(RuntimeInit.java:262)
Caused by: java.lang.NoClassDefFoundError: Failed resolution of: Ljava/time/LocalDateTime;
	at org.assertj.core.presentation.StandardRepresentation.<clinit>(StandardRepresentation.java:113)
	at org.assertj.core.configuration.ConfigurationProvider.<init>(ConfigurationProvider.java:37)
	at org.assertj.core.configuration.ConfigurationProvider.<clinit>(ConfigurationProvider.java:32)
	at org.assertj.core.api.WritableAssertionInfo.<init>(WritableAssertionInfo.java:47)
	at org.assertj.core.api.AbstractAssert.<init>(AbstractAssert.java:104)
	at org.assertj.core.api.AbstractBooleanAssert.<init>(AbstractBooleanAssert.java:43)
	at org.assertj.core.api.BooleanAssert.<init>(BooleanAssert.java:33)
	at org.assertj.core.api.AssertionsForClassTypes.assertThat(AssertionsForClassTypes.java:171)
	at org.assertj.core.api.Assertions.assertThat(Assertions.java:326)
	at com.facebook.react.devsupport.AndroidNativeReaderTest$testSimpleCase$callback$1.onChunkComplete(AndroidNativeReaderTest.kt:46)
	at com.facebook.react.devsupport.AndroidNativeReader.emitChunk(AndroidNativeReader.kt:180)
	at com.facebook.react.devsupport.AndroidNativeReader.readAllParts(AndroidNativeReader.kt:110)
	at com.facebook.react.devsupport.AndroidNativeReaderTest.testSimpleCase(AndroidNativeReaderTest.kt:52)
	... 34 more
Caused by: java.lang.ClassNotFoundException: Didn't find class "java.time.LocalDateTime" on path: DexPathList[[dex file "/data/local/tmp/rn-multipart-comparison-fec597b/classes.dex"],nativeLibraryDirectories=[/system/lib64, /vendor/lib64, /system/lib64, /vendor/lib64]]
	at dalvik.system.BaseDexClassLoader.findClass(BaseDexClassLoader.java:56)
	at java.lang.ClassLoader.loadClass(ClassLoader.java:380)
	at java.lang.ClassLoader.loadClass(ClassLoader.java:312)
	... 47 more

java.lang.NoClassDefFoundError: org.assertj.core.configuration.ConfigurationProvider
	at org.assertj.core.api.WritableAssertionInfo.<init>(WritableAssertionInfo.java:47)
	at org.assertj.core.api.AbstractAssert.<init>(AbstractAssert.java:104)
	at org.assertj.core.api.AbstractBooleanAssert.<init>(AbstractBooleanAssert.java:43)
	at org.assertj.core.api.BooleanAssert.<init>(BooleanAssert.java:33)
	at org.assertj.core.api.AssertionsForClassTypes.assertThat(AssertionsForClassTypes.java:171)
	at org.assertj.core.api.Assertions.assertThat(Assertions.java:326)
	at com.facebook.react.devsupport.AndroidKmpReaderTest$testSimpleCase$callback$1.onChunkComplete(AndroidKmpReaderTest.kt:46)
	at com.facebook.react.devsupport.AndroidKmpReader.emitChunk(AndroidKmpReader.kt:167)
	at com.facebook.react.devsupport.AndroidKmpReader.readAllParts(AndroidKmpReader.kt:104)
	at com.facebook.react.devsupport.AndroidKmpReaderTest.testSimpleCase(AndroidKmpReaderTest.kt:52)
	at java.lang.reflect.Method.invoke(Native Method)
	at org.junit.runners.model.FrameworkMethod$1.runReflectiveCall(FrameworkMethod.java:59)
	at org.junit.internal.runners.model.ReflectiveCallable.run(ReflectiveCallable.java:12)
	at org.junit.runners.model.FrameworkMethod.invokeExplosively(FrameworkMethod.java:56)
	at org.junit.internal.runners.statements.InvokeMethod.evaluate(InvokeMethod.java:17)
	at org.junit.runners.ParentRunner$3.evaluate(ParentRunner.java:306)
	at org.junit.runners.BlockJUnit4ClassRunner$1.evaluate(BlockJUnit4ClassRunner.java:100)
	at org.junit.runners.ParentRunner.runLeaf(ParentRunner.java:366)
	at org.junit.runners.BlockJUnit4ClassRunner.runChild(BlockJUnit4ClassRunner.java:103)
	at org.junit.runners.BlockJUnit4ClassRunner.runChild(BlockJUnit4ClassRunner.java:63)
	at org.junit.runners.ParentRunner$4.run(ParentRunner.java:331)
	at org.junit.runners.ParentRunner$1.schedule(ParentRunner.java:79)
	at org.junit.runners.ParentRunner.runChildren(ParentRunner.java:329)
	at org.junit.runners.ParentRunner.access$100(ParentRunner.java:66)
	at org.junit.runners.ParentRunner$2.evaluate(ParentRunner.java:293)
	at org.junit.runners.ParentRunner$3.evaluate(ParentRunner.java:306)
	at org.junit.runners.ParentRunner.run(ParentRunner.java:413)
	at org.junit.runners.Suite.runChild(Suite.java:128)
	at org.junit.runners.Suite.runChild(Suite.java:27)
	at org.junit.runners.ParentRunner$4.run(ParentRunner.java:331)
	at org.junit.runners.ParentRunner$1.schedule(ParentRunner.java:79)
	at org.junit.runners.ParentRunner.runChildren(ParentRunner.java:329)
	at org.junit.runners.ParentRunner.access$100(ParentRunner.java:66)
	at org.junit.runners.ParentRunner$2.evaluate(ParentRunner.java:293)
	at org.junit.runners.ParentRunner$3.evaluate(ParentRunner.java:306)
	at org.junit.runners.ParentRunner.run(ParentRunner.java:413)
	at org.junit.runner.JUnitCore.run(JUnitCore.java:137)
	at org.junit.runner.JUnitCore.run(JUnitCore.java:115)
	at org.junit.runner.JUnitCore.run(JUnitCore.java:105)
	at org.junit.runner.JUnitCore.runClasses(JUnitCore.java:62)
	at org.junit.runner.JUnitCore.runClasses(JUnitCore.java:49)
	at com.facebook.react.devsupport.AndroidArtMain.main(AndroidArtMain.java:18)
	at com.android.internal.os.RuntimeInit.nativeFinishInit(Native Method)
	at com.android.internal.os.RuntimeInit.main(RuntimeInit.java:262)
Caused by: java.lang.NoClassDefFoundError: Failed resolution of: Ljava/time/LocalDateTime;
	at org.assertj.core.presentation.StandardRepresentation.<clinit>(StandardRepresentation.java:113)
	at org.assertj.core.configuration.ConfigurationProvider.<init>(ConfigurationProvider.java:37)
	at org.assertj.core.configuration.ConfigurationProvider.<clinit>(ConfigurationProvider.java:32)
	at org.assertj.core.api.WritableAssertionInfo.<init>(WritableAssertionInfo.java:47)
	at org.assertj.core.api.AbstractAssert.<init>(AbstractAssert.java:104)
	at org.assertj.core.api.AbstractBooleanAssert.<init>(AbstractBooleanAssert.java:43)
	at org.assertj.core.api.BooleanAssert.<init>(BooleanAssert.java:33)
	at org.assertj.core.api.AssertionsForClassTypes.assertThat(AssertionsForClassTypes.java:171)
	at org.assertj.core.api.Assertions.assertThat(Assertions.java:326)
	at com.facebook.react.devsupport.AndroidNativeReaderTest$testSimpleCase$callback$1.onChunkComplete(AndroidNativeReaderTest.kt:46)
	at com.facebook.react.devsupport.AndroidNativeReader.emitChunk(AndroidNativeReader.kt:180)
	at com.facebook.react.devsupport.AndroidNativeReader.readAllParts(AndroidNativeReader.kt:110)
	at com.facebook.react.devsupport.AndroidNativeReaderTest.testSimpleCase(AndroidNativeReaderTest.kt:52)
	... 34 more
Caused by: java.lang.ClassNotFoundException: Didn't find class "java.time.LocalDateTime" on path: DexPathList[[dex file "/data/local/tmp/rn-multipart-comparison-fec597b/classes.dex"],nativeLibraryDirectories=[/system/lib64, /vendor/lib64, /system/lib64, /vendor/lib64]]
	at dalvik.system.BaseDexClassLoader.findClass(BaseDexClassLoader.java:56)
	at java.lang.ClassLoader.loadClass(ClassLoader.java:380)
	at java.lang.ClassLoader.loadClass(ClassLoader.java:312)
	... 47 more

java.lang.NoClassDefFoundError: org.assertj.core.configuration.ConfigurationProvider
	at org.assertj.core.api.WritableAssertionInfo.<init>(WritableAssertionInfo.java:47)
	at org.assertj.core.api.AbstractAssert.<init>(AbstractAssert.java:104)
	at org.assertj.core.api.AbstractBooleanAssert.<init>(AbstractBooleanAssert.java:43)
	at org.assertj.core.api.BooleanAssert.<init>(BooleanAssert.java:33)
	at org.assertj.core.api.AssertionsForClassTypes.assertThat(AssertionsForClassTypes.java:171)
	at org.assertj.core.api.Assertions.assertThat(Assertions.java:326)
	at com.facebook.react.devsupport.AndroidKmpReaderTest.testListenerDoesNotNeedToFullyReadBody(AndroidKmpReaderTest.kt:177)
	at java.lang.reflect.Method.invoke(Native Method)
	at org.junit.runners.model.FrameworkMethod$1.runReflectiveCall(FrameworkMethod.java:59)
	at org.junit.internal.runners.model.ReflectiveCallable.run(ReflectiveCallable.java:12)
	at org.junit.runners.model.FrameworkMethod.invokeExplosively(FrameworkMethod.java:56)
	at org.junit.internal.runners.statements.InvokeMethod.evaluate(InvokeMethod.java:17)
	at org.junit.runners.ParentRunner$3.evaluate(ParentRunner.java:306)
	at org.junit.runners.BlockJUnit4ClassRunner$1.evaluate(BlockJUnit4ClassRunner.java:100)
	at org.junit.runners.ParentRunner.runLeaf(ParentRunner.java:366)
	at org.junit.runners.BlockJUnit4ClassRunner.runChild(BlockJUnit4ClassRunner.java:103)
	at org.junit.runners.BlockJUnit4ClassRunner.runChild(BlockJUnit4ClassRunner.java:63)
	at org.junit.runners.ParentRunner$4.run(ParentRunner.java:331)
	at org.junit.runners.ParentRunner$1.schedule(ParentRunner.java:79)
	at org.junit.runners.ParentRunner.runChildren(ParentRunner.java:329)
	at org.junit.runners.ParentRunner.access$100(ParentRunner.java:66)
	at org.junit.runners.ParentRunner$2.evaluate(ParentRunner.java:293)
	at org.junit.runners.ParentRunner$3.evaluate(ParentRunner.java:306)
	at org.junit.runners.ParentRunner.run(ParentRunner.java:413)
	at org.junit.runners.Suite.runChild(Suite.java:128)
	at org.junit.runners.Suite.runChild(Suite.java:27)
	at org.junit.runners.ParentRunner$4.run(ParentRunner.java:331)
	at org.junit.runners.ParentRunner$1.schedule(ParentRunner.java:79)
	at org.junit.runners.ParentRunner.runChildren(ParentRunner.java:329)
	at org.junit.runners.ParentRunner.access$100(ParentRunner.java:66)
	at org.junit.runners.ParentRunner$2.evaluate(ParentRunner.java:293)
	at org.junit.runners.ParentRunner$3.evaluate(ParentRunner.java:306)
	at org.junit.runners.ParentRunner.run(ParentRunner.java:413)
	at org.junit.runner.JUnitCore.run(JUnitCore.java:137)
	at org.junit.runner.JUnitCore.run(JUnitCore.java:115)
	at org.junit.runner.JUnitCore.run(JUnitCore.java:105)
	at org.junit.runner.JUnitCore.runClasses(JUnitCore.java:62)
	at org.junit.runner.JUnitCore.runClasses(JUnitCore.java:49)
	at com.facebook.react.devsupport.AndroidArtMain.main(AndroidArtMain.java:18)
	at com.android.internal.os.RuntimeInit.nativeFinishInit(Native Method)
	at com.android.internal.os.RuntimeInit.main(RuntimeInit.java:262)
Caused by: java.lang.NoClassDefFoundError: Failed resolution of: Ljava/time/LocalDateTime;
	at org.assertj.core.presentation.StandardRepresentation.<clinit>(StandardRepresentation.java:113)
	at org.assertj.core.configuration.ConfigurationProvider.<init>(ConfigurationProvider.java:37)
	at org.assertj.core.configuration.ConfigurationProvider.<clinit>(ConfigurationProvider.java:32)
	at org.assertj.core.api.WritableAssertionInfo.<init>(WritableAssertionInfo.java:47)
	at org.assertj.core.api.AbstractAssert.<init>(AbstractAssert.java:104)
	at org.assertj.core.api.AbstractBooleanAssert.<init>(AbstractBooleanAssert.java:43)
	at org.assertj.core.api.BooleanAssert.<init>(BooleanAssert.java:33)
	at org.assertj.core.api.AssertionsForClassTypes.assertThat(AssertionsForClassTypes.java:171)
	at org.assertj.core.api.Assertions.assertThat(Assertions.java:326)
	at com.facebook.react.devsupport.AndroidNativeReaderTest$testSimpleCase$callback$1.onChunkComplete(AndroidNativeReaderTest.kt:46)
	at com.facebook.react.devsupport.AndroidNativeReader.emitChunk(AndroidNativeReader.kt:180)
	at com.facebook.react.devsupport.AndroidNativeReader.readAllParts(AndroidNativeReader.kt:110)
	at com.facebook.react.devsupport.AndroidNativeReaderTest.testSimpleCase(AndroidNativeReaderTest.kt:52)
	... 34 more
Caused by: java.lang.ClassNotFoundException: Didn't find class "java.time.LocalDateTime" on path: DexPathList[[dex file "/data/local/tmp/rn-multipart-comparison-fec597b/classes.dex"],nativeLibraryDirectories=[/system/lib64, /vendor/lib64, /system/lib64, /vendor/lib64]]
	at dalvik.system.BaseDexClassLoader.findClass(BaseDexClassLoader.java:56)
	at java.lang.ClassLoader.loadClass(ClassLoader.java:380)
	at java.lang.ClassLoader.loadClass(ClassLoader.java:312)
	... 47 more

java.lang.NoClassDefFoundError: org.assertj.core.configuration.ConfigurationProvider
	at org.assertj.core.api.WritableAssertionInfo.<init>(WritableAssertionInfo.java:47)
	at org.assertj.core.api.AbstractAssert.<init>(AbstractAssert.java:104)
	at org.assertj.core.api.AbstractBooleanAssert.<init>(AbstractBooleanAssert.java:43)
	at org.assertj.core.api.BooleanAssert.<init>(BooleanAssert.java:33)
	at org.assertj.core.api.AssertionsForClassTypes.assertThat(AssertionsForClassTypes.java:171)
	at org.assertj.core.api.Assertions.assertThat(Assertions.java:326)
	at com.facebook.react.devsupport.AndroidKmpReaderTest.testFinalProgressForFragmentedBody(AndroidKmpReaderTest.kt:299)
	at java.lang.reflect.Method.invoke(Native Method)
	at org.junit.runners.model.FrameworkMethod$1.runReflectiveCall(FrameworkMethod.java:59)
	at org.junit.internal.runners.model.ReflectiveCallable.run(ReflectiveCallable.java:12)
	at org.junit.runners.model.FrameworkMethod.invokeExplosively(FrameworkMethod.java:56)
	at org.junit.internal.runners.statements.InvokeMethod.evaluate(InvokeMethod.java:17)
	at org.junit.runners.ParentRunner$3.evaluate(ParentRunner.java:306)
	at org.junit.runners.BlockJUnit4ClassRunner$1.evaluate(BlockJUnit4ClassRunner.java:100)
	at org.junit.runners.ParentRunner.runLeaf(ParentRunner.java:366)
	at org.junit.runners.BlockJUnit4ClassRunner.runChild(BlockJUnit4ClassRunner.java:103)
	at org.junit.runners.BlockJUnit4ClassRunner.runChild(BlockJUnit4ClassRunner.java:63)
	at org.junit.runners.ParentRunner$4.run(ParentRunner.java:331)
	at org.junit.runners.ParentRunner$1.schedule(ParentRunner.java:79)
	at org.junit.runners.ParentRunner.runChildren(ParentRunner.java:329)
	at org.junit.runners.ParentRunner.access$100(ParentRunner.java:66)
	at org.junit.runners.ParentRunner$2.evaluate(ParentRunner.java:293)
	at org.junit.runners.ParentRunner$3.evaluate(ParentRunner.java:306)
	at org.junit.runners.ParentRunner.run(ParentRunner.java:413)
	at org.junit.runners.Suite.runChild(Suite.java:128)
	at org.junit.runners.Suite.runChild(Suite.java:27)
	at org.junit.runners.ParentRunner$4.run(ParentRunner.java:331)
	at org.junit.runners.ParentRunner$1.schedule(ParentRunner.java:79)
	at org.junit.runners.ParentRunner.runChildren(ParentRunner.java:329)
	at org.junit.runners.ParentRunner.access$100(ParentRunner.java:66)
	at org.junit.runners.ParentRunner$2.evaluate(ParentRunner.java:293)
	at org.junit.runners.ParentRunner$3.evaluate(ParentRunner.java:306)
	at org.junit.runners.ParentRunner.run(ParentRunner.java:413)
	at org.junit.runner.JUnitCore.run(JUnitCore.java:137)
	at org.junit.runner.JUnitCore.run(JUnitCore.java:115)
	at org.junit.runner.JUnitCore.run(JUnitCore.java:105)
	at org.junit.runner.JUnitCore.runClasses(JUnitCore.java:62)
	at org.junit.runner.JUnitCore.runClasses(JUnitCore.java:49)
	at com.facebook.react.devsupport.AndroidArtMain.main(AndroidArtMain.java:18)
	at com.android.internal.os.RuntimeInit.nativeFinishInit(Native Method)
	at com.android.internal.os.RuntimeInit.main(RuntimeInit.java:262)
Caused by: java.lang.NoClassDefFoundError: Failed resolution of: Ljava/time/LocalDateTime;
	at org.assertj.core.presentation.StandardRepresentation.<clinit>(StandardRepresentation.java:113)
	at org.assertj.core.configuration.ConfigurationProvider.<init>(ConfigurationProvider.java:37)
	at org.assertj.core.configuration.ConfigurationProvider.<clinit>(ConfigurationProvider.java:32)
	at org.assertj.core.api.WritableAssertionInfo.<init>(WritableAssertionInfo.java:47)
	at org.assertj.core.api.AbstractAssert.<init>(AbstractAssert.java:104)
	at org.assertj.core.api.AbstractBooleanAssert.<init>(AbstractBooleanAssert.java:43)
	at org.assertj.core.api.BooleanAssert.<init>(BooleanAssert.java:33)
	at org.assertj.core.api.AssertionsForClassTypes.assertThat(AssertionsForClassTypes.java:171)
	at org.assertj.core.api.Assertions.assertThat(Assertions.java:326)
	at com.facebook.react.devsupport.AndroidNativeReaderTest$testSimpleCase$callback$1.onChunkComplete(AndroidNativeReaderTest.kt:46)
	at com.facebook.react.devsupport.AndroidNativeReader.emitChunk(AndroidNativeReader.kt:180)
	at com.facebook.react.devsupport.AndroidNativeReader.readAllParts(AndroidNativeReader.kt:110)
	at com.facebook.react.devsupport.AndroidNativeReaderTest.testSimpleCase(AndroidNativeReaderTest.kt:52)
	... 34 more
Caused by: java.lang.ClassNotFoundException: Didn't find class "java.time.LocalDateTime" on path: DexPathList[[dex file "/data/local/tmp/rn-multipart-comparison-fec597b/classes.dex"],nativeLibraryDirectories=[/system/lib64, /vendor/lib64, /system/lib64, /vendor/lib64]]
	at dalvik.system.BaseDexClassLoader.findClass(BaseDexClassLoader.java:56)
	at java.lang.ClassLoader.loadClass(ClassLoader.java:380)
	at java.lang.ClassLoader.loadClass(ClassLoader.java:312)
	... 47 more

java.lang.NoClassDefFoundError: org.assertj.core.configuration.ConfigurationProvider
	at org.assertj.core.api.WritableAssertionInfo.<init>(WritableAssertionInfo.java:47)
	at org.assertj.core.api.AbstractAssert.<init>(AbstractAssert.java:104)
	at org.assertj.core.api.AbstractObjectAssert.<init>(AbstractObjectAssert.java:61)
	at org.assertj.core.api.AbstractComparableAssert.<init>(AbstractComparableAssert.java:40)
	at org.assertj.core.api.AbstractIntegerAssert.<init>(AbstractIntegerAssert.java:48)
	at org.assertj.core.api.IntegerAssert.<init>(IntegerAssert.java:35)
	at org.assertj.core.api.AssertionsForClassTypes.assertThat(AssertionsForClassTypes.java:406)
	at org.assertj.core.api.Assertions.assertThat(Assertions.java:563)
	at com.facebook.react.devsupport.AndroidKmpReaderTest.testNoDelimiter(AndroidKmpReaderTest.kt:108)
	at java.lang.reflect.Method.invoke(Native Method)
	at org.junit.runners.model.FrameworkMethod$1.runReflectiveCall(FrameworkMethod.java:59)
	at org.junit.internal.runners.model.ReflectiveCallable.run(ReflectiveCallable.java:12)
	at org.junit.runners.model.FrameworkMethod.invokeExplosively(FrameworkMethod.java:56)
	at org.junit.internal.runners.statements.InvokeMethod.evaluate(InvokeMethod.java:17)
	at org.junit.runners.ParentRunner$3.evaluate(ParentRunner.java:306)
	at org.junit.runners.BlockJUnit4ClassRunner$1.evaluate(BlockJUnit4ClassRunner.java:100)
	at org.junit.runners.ParentRunner.runLeaf(ParentRunner.java:366)
	at org.junit.runners.BlockJUnit4ClassRunner.runChild(BlockJUnit4ClassRunner.java:103)
	at org.junit.runners.BlockJUnit4ClassRunner.runChild(BlockJUnit4ClassRunner.java:63)
	at org.junit.runners.ParentRunner$4.run(ParentRunner.java:331)
	at org.junit.runners.ParentRunner$1.schedule(ParentRunner.java:79)
	at org.junit.runners.ParentRunner.runChildren(ParentRunner.java:329)
	at org.junit.runners.ParentRunner.access$100(ParentRunner.java:66)
	at org.junit.runners.ParentRunner$2.evaluate(ParentRunner.java:293)
	at org.junit.runners.ParentRunner$3.evaluate(ParentRunner.java:306)
	at org.junit.runners.ParentRunner.run(ParentRunner.java:413)
	at org.junit.runners.Suite.runChild(Suite.java:128)
	at org.junit.runners.Suite.runChild(Suite.java:27)
	at org.junit.runners.ParentRunner$4.run(ParentRunner.java:331)
	at org.junit.runners.ParentRunner$1.schedule(ParentRunner.java:79)
	at org.junit.runners.ParentRunner.runChildren(ParentRunner.java:329)
	at org.junit.runners.ParentRunner.access$100(ParentRunner.java:66)
	at org.junit.runners.ParentRunner$2.evaluate(ParentRunner.java:293)
	at org.junit.runners.ParentRunner$3.evaluate(ParentRunner.java:306)
	at org.junit.runners.ParentRunner.run(ParentRunner.java:413)
	at org.junit.runner.JUnitCore.run(JUnitCore.java:137)
	at org.junit.runner.JUnitCore.run(JUnitCore.java:115)
	at org.junit.runner.JUnitCore.run(JUnitCore.java:105)
	at org.junit.runner.JUnitCore.runClasses(JUnitCore.java:62)
	at org.junit.runner.JUnitCore.runClasses(JUnitCore.java:49)
	at com.facebook.react.devsupport.AndroidArtMain.main(AndroidArtMain.java:18)
	at com.android.internal.os.RuntimeInit.nativeFinishInit(Native Method)
	at com.android.internal.os.RuntimeInit.main(RuntimeInit.java:262)
Caused by: java.lang.NoClassDefFoundError: Failed resolution of: Ljava/time/LocalDateTime;
	at org.assertj.core.presentation.StandardRepresentation.<clinit>(StandardRepresentation.java:113)
	at org.assertj.core.configuration.ConfigurationProvider.<init>(ConfigurationProvider.java:37)
	at org.assertj.core.configuration.ConfigurationProvider.<clinit>(ConfigurationProvider.java:32)
	at org.assertj.core.api.WritableAssertionInfo.<init>(WritableAssertionInfo.java:47)
	at org.assertj.core.api.AbstractAssert.<init>(AbstractAssert.java:104)
	at org.assertj.core.api.AbstractBooleanAssert.<init>(AbstractBooleanAssert.java:43)
	at org.assertj.core.api.BooleanAssert.<init>(BooleanAssert.java:33)
	at org.assertj.core.api.AssertionsForClassTypes.assertThat(AssertionsForClassTypes.java:171)
	at org.assertj.core.api.Assertions.assertThat(Assertions.java:326)
	at com.facebook.react.devsupport.AndroidNativeReaderTest$testSimpleCase$callback$1.onChunkComplete(AndroidNativeReaderTest.kt:46)
	at com.facebook.react.devsupport.AndroidNativeReader.emitChunk(AndroidNativeReader.kt:180)
	at com.facebook.react.devsupport.AndroidNativeReader.readAllParts(AndroidNativeReader.kt:110)
	at com.facebook.react.devsupport.AndroidNativeReaderTest.testSimpleCase(AndroidNativeReaderTest.kt:52)
	... 34 more
Caused by: java.lang.ClassNotFoundException: Didn't find class "java.time.LocalDateTime" on path: DexPathList[[dex file "/data/local/tmp/rn-multipart-comparison-fec597b/classes.dex"],nativeLibraryDirectories=[/system/lib64, /vendor/lib64, /system/lib64, /vendor/lib64]]
	at dalvik.system.BaseDexClassLoader.findClass(BaseDexClassLoader.java:56)
	at java.lang.ClassLoader.loadClass(ClassLoader.java:380)
	at java.lang.ClassLoader.loadClass(ClassLoader.java:312)
	... 47 more

java.lang.NoClassDefFoundError: org.assertj.core.configuration.ConfigurationProvider
	at org.assertj.core.api.WritableAssertionInfo.<init>(WritableAssertionInfo.java:47)
	at org.assertj.core.api.AbstractAssert.<init>(AbstractAssert.java:104)
	at org.assertj.core.api.AbstractCharSequenceAssert.<init>(AbstractCharSequenceAssert.java:53)
	at org.assertj.core.api.AbstractStringAssert.<init>(AbstractStringAssert.java:29)
	at org.assertj.core.api.StringAssert.<init>(StringAssert.java:25)
	at org.assertj.core.api.AssertionsForClassTypes.assertThat(AssertionsForClassTypes.java:585)
	at org.assertj.core.api.Assertions.assertThat(Assertions.java:2862)
	at com.facebook.react.devsupport.AndroidKmpReaderTest$testHeaderNamesAreCaseInsensitive$callback$1.onChunkComplete(AndroidKmpReaderTest.kt:205)
	at com.facebook.react.devsupport.AndroidKmpReader.emitChunk(AndroidKmpReader.kt:167)
	at com.facebook.react.devsupport.AndroidKmpReader.readAllParts(AndroidKmpReader.kt:104)
	at com.facebook.react.devsupport.AndroidKmpReaderTest.testHeaderNamesAreCaseInsensitive(AndroidKmpReaderTest.kt:211)
	at java.lang.reflect.Method.invoke(Native Method)
	at org.junit.runners.model.FrameworkMethod$1.runReflectiveCall(FrameworkMethod.java:59)
	at org.junit.internal.runners.model.ReflectiveCallable.run(ReflectiveCallable.java:12)
	at org.junit.runners.model.FrameworkMethod.invokeExplosively(FrameworkMethod.java:56)
	at org.junit.internal.runners.statements.InvokeMethod.evaluate(InvokeMethod.java:17)
	at org.junit.runners.ParentRunner$3.evaluate(ParentRunner.java:306)
	at org.junit.runners.BlockJUnit4ClassRunner$1.evaluate(BlockJUnit4ClassRunner.java:100)
	at org.junit.runners.ParentRunner.runLeaf(ParentRunner.java:366)
	at org.junit.runners.BlockJUnit4ClassRunner.runChild(BlockJUnit4ClassRunner.java:103)
	at org.junit.runners.BlockJUnit4ClassRunner.runChild(BlockJUnit4ClassRunner.java:63)
	at org.junit.runners.ParentRunner$4.run(ParentRunner.java:331)
	at org.junit.runners.ParentRunner$1.schedule(ParentRunner.java:79)
	at org.junit.runners.ParentRunner.runChildren(ParentRunner.java:329)
	at org.junit.runners.ParentRunner.access$100(ParentRunner.java:66)
	at org.junit.runners.ParentRunner$2.evaluate(ParentRunner.java:293)
	at org.junit.runners.ParentRunner$3.evaluate(ParentRunner.java:306)
	at org.junit.runners.ParentRunner.run(ParentRunner.java:413)
	at org.junit.runners.Suite.runChild(Suite.java:128)
	at org.junit.runners.Suite.runChild(Suite.java:27)
	at org.junit.runners.ParentRunner$4.run(ParentRunner.java:331)
	at org.junit.runners.ParentRunner$1.schedule(ParentRunner.java:79)
	at org.junit.runners.ParentRunner.runChildren(ParentRunner.java:329)
	at org.junit.runners.ParentRunner.access$100(ParentRunner.java:66)
	at org.junit.runners.ParentRunner$2.evaluate(ParentRunner.java:293)
	at org.junit.runners.ParentRunner$3.evaluate(ParentRunner.java:306)
	at org.junit.runners.ParentRunner.run(ParentRunner.java:413)
	at org.junit.runner.JUnitCore.run(JUnitCore.java:137)
	at org.junit.runner.JUnitCore.run(JUnitCore.java:115)
	at org.junit.runner.JUnitCore.run(JUnitCore.java:105)
	at org.junit.runner.JUnitCore.runClasses(JUnitCore.java:62)
	at org.junit.runner.JUnitCore.runClasses(JUnitCore.java:49)
	at com.facebook.react.devsupport.AndroidArtMain.main(AndroidArtMain.java:18)
	at com.android.internal.os.RuntimeInit.nativeFinishInit(Native Method)
	at com.android.internal.os.RuntimeInit.main(RuntimeInit.java:262)
Caused by: java.lang.NoClassDefFoundError: Failed resolution of: Ljava/time/LocalDateTime;
	at org.assertj.core.presentation.StandardRepresentation.<clinit>(StandardRepresentation.java:113)
	at org.assertj.core.configuration.ConfigurationProvider.<init>(ConfigurationProvider.java:37)
	at org.assertj.core.configuration.ConfigurationProvider.<clinit>(ConfigurationProvider.java:32)
	at org.assertj.core.api.WritableAssertionInfo.<init>(WritableAssertionInfo.java:47)
	at org.assertj.core.api.AbstractAssert.<init>(AbstractAssert.java:104)
	at org.assertj.core.api.AbstractBooleanAssert.<init>(AbstractBooleanAssert.java:43)
	at org.assertj.core.api.BooleanAssert.<init>(BooleanAssert.java:33)
	at org.assertj.core.api.AssertionsForClassTypes.assertThat(AssertionsForClassTypes.java:171)
	at org.assertj.core.api.Assertions.assertThat(Assertions.java:326)
	at com.facebook.react.devsupport.AndroidNativeReaderTest$testSimpleCase$callback$1.onChunkComplete(AndroidNativeReaderTest.kt:46)
	at com.facebook.react.devsupport.AndroidNativeReader.emitChunk(AndroidNativeReader.kt:180)
	at com.facebook.react.devsupport.AndroidNativeReader.readAllParts(AndroidNativeReader.kt:110)
	at com.facebook.react.devsupport.AndroidNativeReaderTest.testSimpleCase(AndroidNativeReaderTest.kt:52)
	... 34 more
Caused by: java.lang.ClassNotFoundException: Didn't find class "java.time.LocalDateTime" on path: DexPathList[[dex file "/data/local/tmp/rn-multipart-comparison-fec597b/classes.dex"],nativeLibraryDirectories=[/system/lib64, /vendor/lib64, /system/lib64, /vendor/lib64]]
	at dalvik.system.BaseDexClassLoader.findClass(BaseDexClassLoader.java:56)
	at java.lang.ClassLoader.loadClass(ClassLoader.java:380)
	at java.lang.ClassLoader.loadClass(ClassLoader.java:312)
	... 47 more

java.lang.NoClassDefFoundError: org.assertj.core.configuration.ConfigurationProvider
	at org.assertj.core.api.WritableAssertionInfo.<init>(WritableAssertionInfo.java:47)
	at org.assertj.core.api.AbstractAssert.<init>(AbstractAssert.java:104)
	at org.assertj.core.api.AbstractBooleanAssert.<init>(AbstractBooleanAssert.java:43)
	at org.assertj.core.api.BooleanAssert.<init>(BooleanAssert.java:33)
	at org.assertj.core.api.AssertionsForClassTypes.assertThat(AssertionsForClassTypes.java:171)
	at org.assertj.core.api.Assertions.assertThat(Assertions.java:326)
	at com.facebook.react.devsupport.AndroidKmpReaderTest$testMultipleParts$callback$1.onChunkComplete(AndroidKmpReaderTest.kt:86)
	at com.facebook.react.devsupport.AndroidKmpReader.emitChunk(AndroidKmpReader.kt:151)
	at com.facebook.react.devsupport.AndroidKmpReader.readAllParts(AndroidKmpReader.kt:104)
	at com.facebook.react.devsupport.AndroidKmpReaderTest.testMultipleParts(AndroidKmpReaderTest.kt:90)
	at java.lang.reflect.Method.invoke(Native Method)
	at org.junit.runners.model.FrameworkMethod$1.runReflectiveCall(FrameworkMethod.java:59)
	at org.junit.internal.runners.model.ReflectiveCallable.run(ReflectiveCallable.java:12)
	at org.junit.runners.model.FrameworkMethod.invokeExplosively(FrameworkMethod.java:56)
	at org.junit.internal.runners.statements.InvokeMethod.evaluate(InvokeMethod.java:17)
	at org.junit.runners.ParentRunner$3.evaluate(ParentRunner.java:306)
	at org.junit.runners.BlockJUnit4ClassRunner$1.evaluate(BlockJUnit4ClassRunner.java:100)
	at org.junit.runners.ParentRunner.runLeaf(ParentRunner.java:366)
	at org.junit.runners.BlockJUnit4ClassRunner.runChild(BlockJUnit4ClassRunner.java:103)
	at org.junit.runners.BlockJUnit4ClassRunner.runChild(BlockJUnit4ClassRunner.java:63)
	at org.junit.runners.ParentRunner$4.run(ParentRunner.java:331)
	at org.junit.runners.ParentRunner$1.schedule(ParentRunner.java:79)
	at org.junit.runners.ParentRunner.runChildren(ParentRunner.java:329)
	at org.junit.runners.ParentRunner.access$100(ParentRunner.java:66)
	at org.junit.runners.ParentRunner$2.evaluate(ParentRunner.java:293)
	at org.junit.runners.ParentRunner$3.evaluate(ParentRunner.java:306)
	at org.junit.runners.ParentRunner.run(ParentRunner.java:413)
	at org.junit.runners.Suite.runChild(Suite.java:128)
	at org.junit.runners.Suite.runChild(Suite.java:27)
	at org.junit.runners.ParentRunner$4.run(ParentRunner.java:331)
	at org.junit.runners.ParentRunner$1.schedule(ParentRunner.java:79)
	at org.junit.runners.ParentRunner.runChildren(ParentRunner.java:329)
	at org.junit.runners.ParentRunner.access$100(ParentRunner.java:66)
	at org.junit.runners.ParentRunner$2.evaluate(ParentRunner.java:293)
	at org.junit.runners.ParentRunner$3.evaluate(ParentRunner.java:306)
	at org.junit.runners.ParentRunner.run(ParentRunner.java:413)
	at org.junit.runner.JUnitCore.run(JUnitCore.java:137)
	at org.junit.runner.JUnitCore.run(JUnitCore.java:115)
	at org.junit.runner.JUnitCore.run(JUnitCore.java:105)
	at org.junit.runner.JUnitCore.runClasses(JUnitCore.java:62)
	at org.junit.runner.JUnitCore.runClasses(JUnitCore.java:49)
	at com.facebook.react.devsupport.AndroidArtMain.main(AndroidArtMain.java:18)
	at com.android.internal.os.RuntimeInit.nativeFinishInit(Native Method)
	at com.android.internal.os.RuntimeInit.main(RuntimeInit.java:262)
Caused by: java.lang.NoClassDefFoundError: Failed resolution of: Ljava/time/LocalDateTime;
	at org.assertj.core.presentation.StandardRepresentation.<clinit>(StandardRepresentation.java:113)
	at org.assertj.core.configuration.ConfigurationProvider.<init>(ConfigurationProvider.java:37)
	at org.assertj.core.configuration.ConfigurationProvider.<clinit>(ConfigurationProvider.java:32)
	at org.assertj.core.api.WritableAssertionInfo.<init>(WritableAssertionInfo.java:47)
	at org.assertj.core.api.AbstractAssert.<init>(AbstractAssert.java:104)
	at org.assertj.core.api.AbstractBooleanAssert.<init>(AbstractBooleanAssert.java:43)
	at org.assertj.core.api.BooleanAssert.<init>(BooleanAssert.java:33)
	at org.assertj.core.api.AssertionsForClassTypes.assertThat(AssertionsForClassTypes.java:171)
	at org.assertj.core.api.Assertions.assertThat(Assertions.java:326)
	at com.facebook.react.devsupport.AndroidNativeReaderTest$testSimpleCase$callback$1.onChunkComplete(AndroidNativeReaderTest.kt:46)
	at com.facebook.react.devsupport.AndroidNativeReader.emitChunk(AndroidNativeReader.kt:180)
	at com.facebook.react.devsupport.AndroidNativeReader.readAllParts(AndroidNativeReader.kt:110)
	at com.facebook.react.devsupport.AndroidNativeReaderTest.testSimpleCase(AndroidNativeReaderTest.kt:52)
	... 34 more
Caused by: java.lang.ClassNotFoundException: Didn't find class "java.time.LocalDateTime" on path: DexPathList[[dex file "/data/local/tmp/rn-multipart-comparison-fec597b/classes.dex"],nativeLibraryDirectories=[/system/lib64, /vendor/lib64, /system/lib64, /vendor/lib64]]
	at dalvik.system.BaseDexClassLoader.findClass(BaseDexClassLoader.java:56)
	at java.lang.ClassLoader.loadClass(ClassLoader.java:380)
	at java.lang.ClassLoader.loadClass(ClassLoader.java:312)
	... 47 more

java.lang.NoClassDefFoundError: org.assertj.core.configuration.ConfigurationProvider
	at org.assertj.core.api.WritableAssertionInfo.<init>(WritableAssertionInfo.java:47)
	at org.assertj.core.api.AbstractAssert.<init>(AbstractAssert.java:104)
	at org.assertj.core.api.AbstractBooleanAssert.<init>(AbstractBooleanAssert.java:43)
	at org.assertj.core.api.BooleanAssert.<init>(BooleanAssert.java:33)
	at org.assertj.core.api.AssertionsForClassTypes.assertThat(AssertionsForClassTypes.java:171)
	at org.assertj.core.api.Assertions.assertThat(Assertions.java:326)
	at com.facebook.react.devsupport.AndroidKmpReaderTest.testDelimitersAcrossEveryReadBoundary(AndroidKmpReaderTest.kt:248)
	at java.lang.reflect.Method.invoke(Native Method)
	at org.junit.runners.model.FrameworkMethod$1.runReflectiveCall(FrameworkMethod.java:59)
	at org.junit.internal.runners.model.ReflectiveCallable.run(ReflectiveCallable.java:12)
	at org.junit.runners.model.FrameworkMethod.invokeExplosively(FrameworkMethod.java:56)
	at org.junit.internal.runners.statements.InvokeMethod.evaluate(InvokeMethod.java:17)
	at org.junit.runners.ParentRunner$3.evaluate(ParentRunner.java:306)
	at org.junit.runners.BlockJUnit4ClassRunner$1.evaluate(BlockJUnit4ClassRunner.java:100)
	at org.junit.runners.ParentRunner.runLeaf(ParentRunner.java:366)
	at org.junit.runners.BlockJUnit4ClassRunner.runChild(BlockJUnit4ClassRunner.java:103)
	at org.junit.runners.BlockJUnit4ClassRunner.runChild(BlockJUnit4ClassRunner.java:63)
	at org.junit.runners.ParentRunner$4.run(ParentRunner.java:331)
	at org.junit.runners.ParentRunner$1.schedule(ParentRunner.java:79)
	at org.junit.runners.ParentRunner.runChildren(ParentRunner.java:329)
	at org.junit.runners.ParentRunner.access$100(ParentRunner.java:66)
	at org.junit.runners.ParentRunner$2.evaluate(ParentRunner.java:293)
	at org.junit.runners.ParentRunner$3.evaluate(ParentRunner.java:306)
	at org.junit.runners.ParentRunner.run(ParentRunner.java:413)
	at org.junit.runners.Suite.runChild(Suite.java:128)
	at org.junit.runners.Suite.runChild(Suite.java:27)
	at org.junit.runners.ParentRunner$4.run(ParentRunner.java:331)
	at org.junit.runners.ParentRunner$1.schedule(ParentRunner.java:79)
	at org.junit.runners.ParentRunner.runChildren(ParentRunner.java:329)
	at org.junit.runners.ParentRunner.access$100(ParentRunner.java:66)
	at org.junit.runners.ParentRunner$2.evaluate(ParentRunner.java:293)
	at org.junit.runners.ParentRunner$3.evaluate(ParentRunner.java:306)
	at org.junit.runners.ParentRunner.run(ParentRunner.java:413)
	at org.junit.runner.JUnitCore.run(JUnitCore.java:137)
	at org.junit.runner.JUnitCore.run(JUnitCore.java:115)
	at org.junit.runner.JUnitCore.run(JUnitCore.java:105)
	at org.junit.runner.JUnitCore.runClasses(JUnitCore.java:62)
	at org.junit.runner.JUnitCore.runClasses(JUnitCore.java:49)
	at com.facebook.react.devsupport.AndroidArtMain.main(AndroidArtMain.java:18)
	at com.android.internal.os.RuntimeInit.nativeFinishInit(Native Method)
	at com.android.internal.os.RuntimeInit.main(RuntimeInit.java:262)
Caused by: java.lang.NoClassDefFoundError: Failed resolution of: Ljava/time/LocalDateTime;
	at org.assertj.core.presentation.StandardRepresentation.<clinit>(StandardRepresentation.java:113)
	at org.assertj.core.configuration.ConfigurationProvider.<init>(ConfigurationProvider.java:37)
	at org.assertj.core.configuration.ConfigurationProvider.<clinit>(ConfigurationProvider.java:32)
	at org.assertj.core.api.WritableAssertionInfo.<init>(WritableAssertionInfo.java:47)
	at org.assertj.core.api.AbstractAssert.<init>(AbstractAssert.java:104)
	at org.assertj.core.api.AbstractBooleanAssert.<init>(AbstractBooleanAssert.java:43)
	at org.assertj.core.api.BooleanAssert.<init>(BooleanAssert.java:33)
	at org.assertj.core.api.AssertionsForClassTypes.assertThat(AssertionsForClassTypes.java:171)
	at org.assertj.core.api.Assertions.assertThat(Assertions.java:326)
	at com.facebook.react.devsupport.AndroidNativeReaderTest$testSimpleCase$callback$1.onChunkComplete(AndroidNativeReaderTest.kt:46)
	at com.facebook.react.devsupport.AndroidNativeReader.emitChunk(AndroidNativeReader.kt:180)
	at com.facebook.react.devsupport.AndroidNativeReader.readAllParts(AndroidNativeReader.kt:110)
	at com.facebook.react.devsupport.AndroidNativeReaderTest.testSimpleCase(AndroidNativeReaderTest.kt:52)
	... 34 more
Caused by: java.lang.ClassNotFoundException: Didn't find class "java.time.LocalDateTime" on path: DexPathList[[dex file "/data/local/tmp/rn-multipart-comparison-fec597b/classes.dex"],nativeLibraryDirectories=[/system/lib64, /vendor/lib64, /system/lib64, /vendor/lib64]]
	at dalvik.system.BaseDexClassLoader.findClass(BaseDexClassLoader.java:56)
	at java.lang.ClassLoader.loadClass(ClassLoader.java:380)
	at java.lang.ClassLoader.loadClass(ClassLoader.java:312)
	... 47 more

java.lang.NoClassDefFoundError: org.assertj.core.configuration.ConfigurationProvider
	at org.assertj.core.api.WritableAssertionInfo.<init>(WritableAssertionInfo.java:47)
	at org.assertj.core.api.AbstractAssert.<init>(AbstractAssert.java:104)
	at org.assertj.core.api.AbstractObjectAssert.<init>(AbstractObjectAssert.java:61)
	at org.assertj.core.api.AbstractComparableAssert.<init>(AbstractComparableAssert.java:40)
	at org.assertj.core.api.AbstractIntegerAssert.<init>(AbstractIntegerAssert.java:48)
	at org.assertj.core.api.IntegerAssert.<init>(IntegerAssert.java:35)
	at org.assertj.core.api.AssertionsForClassTypes.assertThat(AssertionsForClassTypes.java:406)
	at org.assertj.core.api.Assertions.assertThat(Assertions.java:563)
	at com.facebook.react.devsupport.AndroidKmpReaderTest.testNoCloseDelimiter(AndroidKmpReaderTest.kt:133)
	at java.lang.reflect.Method.invoke(Native Method)
	at org.junit.runners.model.FrameworkMethod$1.runReflectiveCall(FrameworkMethod.java:59)
	at org.junit.internal.runners.model.ReflectiveCallable.run(ReflectiveCallable.java:12)
	at org.junit.runners.model.FrameworkMethod.invokeExplosively(FrameworkMethod.java:56)
	at org.junit.internal.runners.statements.InvokeMethod.evaluate(InvokeMethod.java:17)
	at org.junit.runners.ParentRunner$3.evaluate(ParentRunner.java:306)
	at org.junit.runners.BlockJUnit4ClassRunner$1.evaluate(BlockJUnit4ClassRunner.java:100)
	at org.junit.runners.ParentRunner.runLeaf(ParentRunner.java:366)
	at org.junit.runners.BlockJUnit4ClassRunner.runChild(BlockJUnit4ClassRunner.java:103)
	at org.junit.runners.BlockJUnit4ClassRunner.runChild(BlockJUnit4ClassRunner.java:63)
	at org.junit.runners.ParentRunner$4.run(ParentRunner.java:331)
	at org.junit.runners.ParentRunner$1.schedule(ParentRunner.java:79)
	at org.junit.runners.ParentRunner.runChildren(ParentRunner.java:329)
	at org.junit.runners.ParentRunner.access$100(ParentRunner.java:66)
	at org.junit.runners.ParentRunner$2.evaluate(ParentRunner.java:293)
	at org.junit.runners.ParentRunner$3.evaluate(ParentRunner.java:306)
	at org.junit.runners.ParentRunner.run(ParentRunner.java:413)
	at org.junit.runners.Suite.runChild(Suite.java:128)
	at org.junit.runners.Suite.runChild(Suite.java:27)
	at org.junit.runners.ParentRunner$4.run(ParentRunner.java:331)
	at org.junit.runners.ParentRunner$1.schedule(ParentRunner.java:79)
	at org.junit.runners.ParentRunner.runChildren(ParentRunner.java:329)
	at org.junit.runners.ParentRunner.access$100(ParentRunner.java:66)
	at org.junit.runners.ParentRunner$2.evaluate(ParentRunner.java:293)
	at org.junit.runners.ParentRunner$3.evaluate(ParentRunner.java:306)
	at org.junit.runners.ParentRunner.run(ParentRunner.java:413)
	at org.junit.runner.JUnitCore.run(JUnitCore.java:137)
	at org.junit.runner.JUnitCore.run(JUnitCore.java:115)
	at org.junit.runner.JUnitCore.run(JUnitCore.java:105)
	at org.junit.runner.JUnitCore.runClasses(JUnitCore.java:62)
	at org.junit.runner.JUnitCore.runClasses(JUnitCore.java:49)
	at com.facebook.react.devsupport.AndroidArtMain.main(AndroidArtMain.java:18)
	at com.android.internal.os.RuntimeInit.nativeFinishInit(Native Method)
	at com.android.internal.os.RuntimeInit.main(RuntimeInit.java:262)
Caused by: java.lang.NoClassDefFoundError: Failed resolution of: Ljava/time/LocalDateTime;
	at org.assertj.core.presentation.StandardRepresentation.<clinit>(StandardRepresentation.java:113)
	at org.assertj.core.configuration.ConfigurationProvider.<init>(ConfigurationProvider.java:37)
	at org.assertj.core.configuration.ConfigurationProvider.<clinit>(ConfigurationProvider.java:32)
	at org.assertj.core.api.WritableAssertionInfo.<init>(WritableAssertionInfo.java:47)
	at org.assertj.core.api.AbstractAssert.<init>(AbstractAssert.java:104)
	at org.assertj.core.api.AbstractBooleanAssert.<init>(AbstractBooleanAssert.java:43)
	at org.assertj.core.api.BooleanAssert.<init>(BooleanAssert.java:33)
	at org.assertj.core.api.AssertionsForClassTypes.assertThat(AssertionsForClassTypes.java:171)
	at org.assertj.core.api.Assertions.assertThat(Assertions.java:326)
	at com.facebook.react.devsupport.AndroidNativeReaderTest$testSimpleCase$callback$1.onChunkComplete(AndroidNativeReaderTest.kt:46)
	at com.facebook.react.devsupport.AndroidNativeReader.emitChunk(AndroidNativeReader.kt:180)
	at com.facebook.react.devsupport.AndroidNativeReader.readAllParts(AndroidNativeReader.kt:110)
	at com.facebook.react.devsupport.AndroidNativeReaderTest.testSimpleCase(AndroidNativeReaderTest.kt:52)
	... 34 more
Caused by: java.lang.ClassNotFoundException: Didn't find class "java.time.LocalDateTime" on path: DexPathList[[dex file "/data/local/tmp/rn-multipart-comparison-fec597b/classes.dex"],nativeLibraryDirectories=[/system/lib64, /vendor/lib64, /system/lib64, /vendor/lib64]]
	at dalvik.system.BaseDexClassLoader.findClass(BaseDexClassLoader.java:56)
	at java.lang.ClassLoader.loadClass(ClassLoader.java:380)
	at java.lang.ClassLoader.loadClass(ClassLoader.java:312)
	... 47 more

java.lang.NoClassDefFoundError: org.assertj.core.configuration.ConfigurationProvider
	at org.assertj.core.api.WritableAssertionInfo.<init>(WritableAssertionInfo.java:47)
	at org.assertj.core.api.AbstractAssert.<init>(AbstractAssert.java:104)
	at org.assertj.core.api.AbstractObjectAssert.<init>(AbstractObjectAssert.java:61)
	at org.assertj.core.api.AbstractMapAssert.<init>(AbstractMapAssert.java:70)
	at org.assertj.core.api.MapAssert.<init>(MapAssert.java:32)
	at org.assertj.core.api.AssertionsForInterfaceTypes.assertThat(AssertionsForInterfaceTypes.java:328)
	at org.assertj.core.api.Assertions.assertThat(Assertions.java:3081)
	at com.facebook.react.devsupport.AndroidKmpReaderTest$testHeaderWhitespaceDuplicatesAndColonValues$1.onChunkComplete(AndroidKmpReaderTest.kt:272)
	at com.facebook.react.devsupport.AndroidKmpReader.emitChunk(AndroidKmpReader.kt:167)
	at com.facebook.react.devsupport.AndroidKmpReader.readAllParts(AndroidKmpReader.kt:104)
	at com.facebook.react.devsupport.AndroidKmpReaderTest.testHeaderWhitespaceDuplicatesAndColonValues(AndroidKmpReaderTest.kt:264)
	at java.lang.reflect.Method.invoke(Native Method)
	at org.junit.runners.model.FrameworkMethod$1.runReflectiveCall(FrameworkMethod.java:59)
	at org.junit.internal.runners.model.ReflectiveCallable.run(ReflectiveCallable.java:12)
	at org.junit.runners.model.FrameworkMethod.invokeExplosively(FrameworkMethod.java:56)
	at org.junit.internal.runners.statements.InvokeMethod.evaluate(InvokeMethod.java:17)
	at org.junit.runners.ParentRunner$3.evaluate(ParentRunner.java:306)
	at org.junit.runners.BlockJUnit4ClassRunner$1.evaluate(BlockJUnit4ClassRunner.java:100)
	at org.junit.runners.ParentRunner.runLeaf(ParentRunner.java:366)
	at org.junit.runners.BlockJUnit4ClassRunner.runChild(BlockJUnit4ClassRunner.java:103)
	at org.junit.runners.BlockJUnit4ClassRunner.runChild(BlockJUnit4ClassRunner.java:63)
	at org.junit.runners.ParentRunner$4.run(ParentRunner.java:331)
	at org.junit.runners.ParentRunner$1.schedule(ParentRunner.java:79)
	at org.junit.runners.ParentRunner.runChildren(ParentRunner.java:329)
	at org.junit.runners.ParentRunner.access$100(ParentRunner.java:66)
	at org.junit.runners.ParentRunner$2.evaluate(ParentRunner.java:293)
	at org.junit.runners.ParentRunner$3.evaluate(ParentRunner.java:306)
	at org.junit.runners.ParentRunner.run(ParentRunner.java:413)
	at org.junit.runners.Suite.runChild(Suite.java:128)
	at org.junit.runners.Suite.runChild(Suite.java:27)
	at org.junit.runners.ParentRunner$4.run(ParentRunner.java:331)
	at org.junit.runners.ParentRunner$1.schedule(ParentRunner.java:79)
	at org.junit.runners.ParentRunner.runChildren(ParentRunner.java:329)
	at org.junit.runners.ParentRunner.access$100(ParentRunner.java:66)
	at org.junit.runners.ParentRunner$2.evaluate(ParentRunner.java:293)
	at org.junit.runners.ParentRunner$3.evaluate(ParentRunner.java:306)
	at org.junit.runners.ParentRunner.run(ParentRunner.java:413)
	at org.junit.runner.JUnitCore.run(JUnitCore.java:137)
	at org.junit.runner.JUnitCore.run(JUnitCore.java:115)
	at org.junit.runner.JUnitCore.run(JUnitCore.java:105)
	at org.junit.runner.JUnitCore.runClasses(JUnitCore.java:62)
	at org.junit.runner.JUnitCore.runClasses(JUnitCore.java:49)
	at com.facebook.react.devsupport.AndroidArtMain.main(AndroidArtMain.java:18)
	at com.android.internal.os.RuntimeInit.nativeFinishInit(Native Method)
	at com.android.internal.os.RuntimeInit.main(RuntimeInit.java:262)
Caused by: java.lang.NoClassDefFoundError: Failed resolution of: Ljava/time/LocalDateTime;
	at org.assertj.core.presentation.StandardRepresentation.<clinit>(StandardRepresentation.java:113)
	at org.assertj.core.configuration.ConfigurationProvider.<init>(ConfigurationProvider.java:37)
	at org.assertj.core.configuration.ConfigurationProvider.<clinit>(ConfigurationProvider.java:32)
	at org.assertj.core.api.WritableAssertionInfo.<init>(WritableAssertionInfo.java:47)
	at org.assertj.core.api.AbstractAssert.<init>(AbstractAssert.java:104)
	at org.assertj.core.api.AbstractBooleanAssert.<init>(AbstractBooleanAssert.java:43)
	at org.assertj.core.api.BooleanAssert.<init>(BooleanAssert.java:33)
	at org.assertj.core.api.AssertionsForClassTypes.assertThat(AssertionsForClassTypes.java:171)
	at org.assertj.core.api.Assertions.assertThat(Assertions.java:326)
	at com.facebook.react.devsupport.AndroidNativeReaderTest$testSimpleCase$callback$1.onChunkComplete(AndroidNativeReaderTest.kt:46)
	at com.facebook.react.devsupport.AndroidNativeReader.emitChunk(AndroidNativeReader.kt:180)
	at com.facebook.react.devsupport.AndroidNativeReader.readAllParts(AndroidNativeReader.kt:110)
	at com.facebook.react.devsupport.AndroidNativeReaderTest.testSimpleCase(AndroidNativeReaderTest.kt:52)
	... 34 more
Caused by: java.lang.ClassNotFoundException: Didn't find class "java.time.LocalDateTime" on path: DexPathList[[dex file "/data/local/tmp/rn-multipart-comparison-fec597b/classes.dex"],nativeLibraryDirectories=[/system/lib64, /vendor/lib64, /system/lib64, /vendor/lib64]]
	at dalvik.system.BaseDexClassLoader.findClass(BaseDexClassLoader.java:56)
	at java.lang.ClassLoader.loadClass(ClassLoader.java:380)
	at java.lang.ClassLoader.loadClass(ClassLoader.java:312)
	... 47 more

ANDROID_ART_PARITY api=24 abi=arm64-v8a tests=39 failures=36 skipped=0
